"spec","model","outcome","income_group_model","regressor","term","estimate","std.error","p.value","estimate_fmt","std.error_fmt","p.value_fmt","nobs"
"Income-group heterogeneity FE","High income__gdp_growth__cyber_incidents_log","gdp_growth","High income","cyber_incidents_log","l1_cyber_incidents_log",-0.374588456711552,0.205787607413316,0.0745887441198318,"-0.375+","(0.206)","0.075",405
"Income-group heterogeneity FE","High income__gdp_growth__cyber_incidents_log","gdp_growth","High income","cyber_incidents_log","l1_inflation_cpi",-0.177204112822632,0.0488978180353809,0.000668767200842732,"-0.177***","(0.049)","0.001",405
"Income-group heterogeneity FE","High income__gdp_growth__cyber_incidents_log","gdp_growth","High income","cyber_incidents_log","l1_trade_gdp",-0.0209828568584009,0.0205676615494289,0.312455081534747,"-0.021","(0.021)","0.312",405
"Income-group heterogeneity FE","High income__gdp_growth__cyber_incidents_log","gdp_growth","High income","cyber_incidents_log","l1_population_total",-6.75751862876206e-09,9.45199897858612e-08,0.943285016194956,"-0.000","(0.000)","0.943",405
"Income-group heterogeneity FE","High income__gdp_growth__gci_overall","gdp_growth","High income","gci_overall","l1_gci_overall",0.0606101725506181,0.0238446973267771,0.0139285894113268,"0.061*","(0.024)","0.014",531
"Income-group heterogeneity FE","High income__gdp_growth__gci_overall","gdp_growth","High income","gci_overall","l1_inflation_cpi",-0.108902799091795,0.0656000390636648,0.102690657182206,"-0.109","(0.066)","0.103",531
"Income-group heterogeneity FE","High income__gdp_growth__gci_overall","gdp_growth","High income","gci_overall","l1_trade_gdp",-0.00333127962480629,0.0176076599633135,0.850649376668431,"-0.003","(0.018)","0.851",531
"Income-group heterogeneity FE","High income__gdp_growth__gci_overall","gdp_growth","High income","gci_overall","l1_population_total",4.77971718025367e-08,8.48133525052465e-08,0.575388471407607,"0.000","(0.000)","0.575",531
"Income-group heterogeneity FE","High income__gdp_growth__gci_overall_norm","gdp_growth","High income","gci_overall_norm","l1_gci_overall_norm",2.69285359316624,2.48010002568968,0.282397855838686,"2.693","(2.480)","0.282",531
"Income-group heterogeneity FE","High income__gdp_growth__gci_overall_norm","gdp_growth","High income","gci_overall_norm","l1_inflation_cpi",-0.124687268373563,0.0635410961762536,0.0548881953463443,"-0.125+","(0.064)","0.055",531
"Income-group heterogeneity FE","High income__gdp_growth__gci_overall_norm","gdp_growth","High income","gci_overall_norm","l1_trade_gdp",-0.00300432497464563,0.0173126310061344,0.862880819803829,"-0.003","(0.017)","0.863",531
"Income-group heterogeneity FE","High income__gdp_growth__gci_overall_norm","gdp_growth","High income","gci_overall_norm","l1_population_total",3.74207474088114e-08,8.68914126862979e-08,0.668428970327363,"0.000","(0.000)","0.668",531
"Income-group heterogeneity FE","High income__gdp_per_person_employed__cyber_incidents_log","gdp_per_person_employed","High income","cyber_incidents_log","l1_cyber_incidents_log",619.12128819118,662.835009694732,0.354679396327149,"619.121","(662.835)","0.355",405
"Income-group heterogeneity FE","High income__gdp_per_person_employed__cyber_incidents_log","gdp_per_person_employed","High income","cyber_incidents_log","l1_inflation_cpi",526.15968248888,205.218589231573,0.013340126394134,"526.160*","(205.219)","0.013",405
"Income-group heterogeneity FE","High income__gdp_per_person_employed__cyber_incidents_log","gdp_per_person_employed","High income","cyber_incidents_log","l1_trade_gdp",-9.85969047983806,89.3676229405253,0.91258280582015,"-9.860","(89.368)","0.913",405
"Income-group heterogeneity FE","High income__gdp_per_person_employed__cyber_incidents_log","gdp_per_person_employed","High income","cyber_incidents_log","l1_population_total",6.26235911446549e-05,0.000530576625343678,0.906508077400352,"0.000","(0.001)","0.907",405
"Income-group heterogeneity FE","High income__gdp_per_person_employed__gci_overall","gdp_per_person_employed","High income","gci_overall","l1_gci_overall",294.09110086965,110.716470510101,0.0105199414746953,"294.091*","(110.716)","0.011",504
"Income-group heterogeneity FE","High income__gdp_per_person_employed__gci_overall","gdp_per_person_employed","High income","gci_overall","l1_inflation_cpi",776.80309861838,200.144727480928,0.000299652331077451,"776.803***","(200.145)","0.000",504
"Income-group heterogeneity FE","High income__gdp_per_person_employed__gci_overall","gdp_per_person_employed","High income","gci_overall","l1_trade_gdp",-62.1479014078961,77.5508502076029,0.426628225349737,"-62.148","(77.551)","0.427",504
"Income-group heterogeneity FE","High income__gdp_per_person_employed__gci_overall","gdp_per_person_employed","High income","gci_overall","l1_population_total",0.000248263600078254,0.000470226694596693,0.599812887452599,"0.000","(0.000)","0.600",504
"Income-group heterogeneity FE","High income__gdp_per_person_employed__gci_overall_norm","gdp_per_person_employed","High income","gci_overall_norm","l1_gci_overall_norm",22307.6109324332,9322.20253616926,0.0204332239279355,"22307.611*","(9322.203)","0.020",504
"Income-group heterogeneity FE","High income__gdp_per_person_employed__gci_overall_norm","gdp_per_person_employed","High income","gci_overall_norm","l1_inflation_cpi",748.031724943126,197.489615447849,0.000402368093338586,"748.032***","(197.490)","0.000",504
"Income-group heterogeneity FE","High income__gdp_per_person_employed__gci_overall_norm","gdp_per_person_employed","High income","gci_overall_norm","l1_trade_gdp",-67.4155699528466,76.1877369881225,0.380384411070271,"-67.416","(76.188)","0.380",504
"Income-group heterogeneity FE","High income__gdp_per_person_employed__gci_overall_norm","gdp_per_person_employed","High income","gci_overall_norm","l1_population_total",0.000262826343961882,0.00047437851023093,0.58197037619302,"0.000","(0.000)","0.582",504
"Income-group heterogeneity FE","High income__gcf_gdp__cyber_incidents_log","gcf_gdp","High income","cyber_incidents_log","l1_cyber_incidents_log",0.540068014085869,0.214512709481347,0.0149969660875072,"0.540*","(0.215)","0.015",404
"Income-group heterogeneity FE","High income__gcf_gdp__cyber_incidents_log","gcf_gdp","High income","cyber_incidents_log","l1_inflation_cpi",0.0560777197727941,0.0811948761110438,0.492913337247021,"0.056","(0.081)","0.493",404
"Income-group heterogeneity FE","High income__gcf_gdp__cyber_incidents_log","gcf_gdp","High income","cyber_incidents_log","l1_trade_gdp",-0.000478731615795668,0.0288508280258295,0.986825783057204,"-0.000","(0.029)","0.987",404
"Income-group heterogeneity FE","High income__gcf_gdp__cyber_incidents_log","gcf_gdp","High income","cyber_incidents_log","l1_population_total",-1.11074915775477e-07,1.44958589858457e-07,0.447058199706764,"-0.000","(0.000)","0.447",404
"Income-group heterogeneity FE","High income__gcf_gdp__gci_overall","gcf_gdp","High income","gci_overall","l1_gci_overall",-0.0428682824266642,0.0581410892992477,0.464182738600075,"-0.043","(0.058)","0.464",519
"Income-group heterogeneity FE","High income__gcf_gdp__gci_overall","gcf_gdp","High income","gci_overall","l1_inflation_cpi",0.0996684369163221,0.075078130093851,0.190023509762741,"0.100","(0.075)","0.190",519
"Income-group heterogeneity FE","High income__gcf_gdp__gci_overall","gcf_gdp","High income","gci_overall","l1_trade_gdp",0.00261236067136634,0.0315073120142113,0.934233204796241,"0.003","(0.032)","0.934",519
"Income-group heterogeneity FE","High income__gcf_gdp__gci_overall","gcf_gdp","High income","gci_overall","l1_population_total",-6.56428418053811e-09,1.15306043624104e-07,0.954815657043848,"-0.000","(0.000)","0.955",519
"Income-group heterogeneity FE","High income__gcf_gdp__gci_overall_norm","gcf_gdp","High income","gci_overall_norm","l1_gci_overall_norm",4.21132091695652,4.91374069851966,0.395276128194728,"4.211","(4.914)","0.395",519
"Income-group heterogeneity FE","High income__gcf_gdp__gci_overall_norm","gcf_gdp","High income","gci_overall_norm","l1_inflation_cpi",0.128671459923008,0.0707178695825542,0.0744847995630709,"0.129+","(0.071)","0.074",519
"Income-group heterogeneity FE","High income__gcf_gdp__gci_overall_norm","gcf_gdp","High income","gci_overall_norm","l1_trade_gdp",6.7382964771888e-05,0.0319239547474757,0.998323804291021,"0.000","(0.032)","0.998",519
"Income-group heterogeneity FE","High income__gcf_gdp__gci_overall_norm","gcf_gdp","High income","gci_overall_norm","l1_population_total",3.6050573589082e-08,1.08026956554971e-07,0.739908922397158,"0.000","(0.000)","0.740",519
"Income-group heterogeneity FE","High income__employment_ratio__cyber_incidents_log","employment_ratio","High income","cyber_incidents_log","l1_cyber_incidents_log",-0.140750985698856,0.172297058272157,0.417780315367879,"-0.141","(0.172)","0.418",405
"Income-group heterogeneity FE","High income__employment_ratio__cyber_incidents_log","employment_ratio","High income","cyber_incidents_log","l1_inflation_cpi",0.100797454033279,0.0460152164033488,0.0330826943998723,"0.101*","(0.046)","0.033",405
"Income-group heterogeneity FE","High income__employment_ratio__cyber_incidents_log","employment_ratio","High income","cyber_incidents_log","l1_trade_gdp",0.0288877959030966,0.0148437982285923,0.0571603279986981,"0.029+","(0.015)","0.057",405
"Income-group heterogeneity FE","High income__employment_ratio__cyber_incidents_log","employment_ratio","High income","cyber_incidents_log","l1_population_total",-2.0923596704739e-07,7.82321242213426e-08,0.0100305483774389,"-0.000*","(0.000)","0.010",405
"Income-group heterogeneity FE","High income__employment_ratio__gci_overall","employment_ratio","High income","gci_overall","l1_gci_overall",-0.0140252996492481,0.0214888372858066,0.516894990546317,"-0.014","(0.021)","0.517",550
"Income-group heterogeneity FE","High income__employment_ratio__gci_overall","employment_ratio","High income","gci_overall","l1_inflation_cpi",0.138129052478934,0.0441994101618743,0.00293099329479859,"0.138**","(0.044)","0.003",550
"Income-group heterogeneity FE","High income__employment_ratio__gci_overall","employment_ratio","High income","gci_overall","l1_trade_gdp",0.0363865815416277,0.0148378532774089,0.0176575744830531,"0.036*","(0.015)","0.018",550
"Income-group heterogeneity FE","High income__employment_ratio__gci_overall","employment_ratio","High income","gci_overall","l1_population_total",-1.21082323782031e-07,7.69969732789903e-08,0.122004804500079,"-0.000","(0.000)","0.122",550
"Income-group heterogeneity FE","High income__employment_ratio__gci_overall_norm","employment_ratio","High income","gci_overall_norm","l1_gci_overall_norm",-0.00809698343137577,2.00524125186812,0.99679397636077,"-0.008","(2.005)","0.997",550
"Income-group heterogeneity FE","High income__employment_ratio__gci_overall_norm","employment_ratio","High income","gci_overall_norm","l1_inflation_cpi",0.142697951748284,0.0449094120239559,0.00252364204546034,"0.143**","(0.045)","0.003",550
"Income-group heterogeneity FE","High income__employment_ratio__gci_overall_norm","employment_ratio","High income","gci_overall_norm","l1_trade_gdp",0.0360128669280981,0.0148053398044037,0.0185462467305325,"0.036*","(0.015)","0.019",550
"Income-group heterogeneity FE","High income__employment_ratio__gci_overall_norm","employment_ratio","High income","gci_overall_norm","l1_population_total",-1.15177180009302e-07,7.5604279324216e-08,0.133830584278047,"-0.000","(0.000)","0.134",550
"Income-group heterogeneity FE","Upper middle income__gdp_growth__cyber_incidents_log","gdp_growth","Upper middle income","cyber_incidents_log","l1_cyber_incidents_log",0.0742447922043526,0.557323157092224,0.89476384062604,"0.074","(0.557)","0.895",238
"Income-group heterogeneity FE","Upper middle income__gdp_growth__cyber_incidents_log","gdp_growth","Upper middle income","cyber_incidents_log","l1_inflation_cpi",0.243068959618166,0.128772942506095,0.0671648062432291,"0.243+","(0.129)","0.067",238
"Income-group heterogeneity FE","Upper middle income__gdp_growth__cyber_incidents_log","gdp_growth","Upper middle income","cyber_incidents_log","l1_trade_gdp",-0.0809745169906019,0.0547891140816776,0.148122728349484,"-0.081","(0.055)","0.148",238
"Income-group heterogeneity FE","Upper middle income__gdp_growth__cyber_incidents_log","gdp_growth","Upper middle income","cyber_incidents_log","l1_population_total",-3.61122191670605e-08,3.7631182695443e-08,0.343639889345711,"-0.000","(0.000)","0.344",238
"Income-group heterogeneity FE","Upper middle income__gdp_growth__gci_overall","gdp_growth","Upper middle income","gci_overall","l1_gci_overall",0.0298916633256904,0.0547227698303398,0.587936294145149,"0.030","(0.055)","0.588",402
"Income-group heterogeneity FE","Upper middle income__gdp_growth__gci_overall","gdp_growth","Upper middle income","gci_overall","l1_inflation_cpi",0.0506764225925585,0.0704073075240882,0.475857011794451,"0.051","(0.070)","0.476",402
"Income-group heterogeneity FE","Upper middle income__gdp_growth__gci_overall","gdp_growth","Upper middle income","gci_overall","l1_trade_gdp",-0.0630841758784374,0.024586359781679,0.0141455604523712,"-0.063*","(0.025)","0.014",402
"Income-group heterogeneity FE","Upper middle income__gdp_growth__gci_overall","gdp_growth","Upper middle income","gci_overall","l1_population_total",-9.65196189760997e-08,3.69614654559975e-08,0.0126359946793327,"-0.000*","(0.000)","0.013",402
"Income-group heterogeneity FE","Upper middle income__gdp_growth__gci_overall_norm","gdp_growth","Upper middle income","gci_overall_norm","l1_gci_overall_norm",3.90878744363781,6.86203673606856,0.572117481724887,"3.909","(6.862)","0.572",402
"Income-group heterogeneity FE","Upper middle income__gdp_growth__gci_overall_norm","gdp_growth","Upper middle income","gci_overall_norm","l1_inflation_cpi",0.0528550155055184,0.0701144856979659,0.455360885878692,"0.053","(0.070)","0.455",402
"Income-group heterogeneity FE","Upper middle income__gdp_growth__gci_overall_norm","gdp_growth","Upper middle income","gci_overall_norm","l1_trade_gdp",-0.0626784438361158,0.0236445943810898,0.0114479862770333,"-0.063*","(0.024)","0.011",402
"Income-group heterogeneity FE","Upper middle income__gdp_growth__gci_overall_norm","gdp_growth","Upper middle income","gci_overall_norm","l1_population_total",-1.02146270494475e-07,3.54655904367246e-08,0.00635770104166036,"-0.000**","(0.000)","0.006",402
"Income-group heterogeneity FE","Upper middle income__gdp_per_person_employed__cyber_incidents_log","gdp_per_person_employed","Upper middle income","cyber_incidents_log","l1_cyber_incidents_log",-21.4411941266232,459.731824011651,0.963059129332199,"-21.441","(459.732)","0.963",236
"Income-group heterogeneity FE","Upper middle income__gdp_per_person_employed__cyber_incidents_log","gdp_per_person_employed","Upper middle income","cyber_incidents_log","l1_inflation_cpi",82.6272368601757,66.3617292136279,0.221137721836499,"82.627","(66.362)","0.221",236
"Income-group heterogeneity FE","Upper middle income__gdp_per_person_employed__cyber_incidents_log","gdp_per_person_employed","Upper middle income","cyber_incidents_log","l1_trade_gdp",-81.6637886414823,33.997258126593,0.0215865953600346,"-81.664*","(33.997)","0.022",236
"Income-group heterogeneity FE","Upper middle income__gdp_per_person_employed__cyber_incidents_log","gdp_per_person_employed","Upper middle income","cyber_incidents_log","l1_population_total",0.000159825174388283,0.000114275129904164,0.170489229012881,"0.000","(0.000)","0.170",236
"Income-group heterogeneity FE","Upper middle income__gdp_per_person_employed__gci_overall","gdp_per_person_employed","Upper middle income","gci_overall","l1_gci_overall",-198.179953063466,82.1304075755042,0.020496488230754,"-198.180*","(82.130)","0.020",399
"Income-group heterogeneity FE","Upper middle income__gdp_per_person_employed__gci_overall","gdp_per_person_employed","Upper middle income","gci_overall","l1_inflation_cpi",-0.793604591938476,70.1576049256313,0.99103096068042,"-0.794","(70.158)","0.991",399
"Income-group heterogeneity FE","Upper middle income__gdp_per_person_employed__gci_overall","gdp_per_person_employed","Upper middle income","gci_overall","l1_trade_gdp",-0.118675438864974,49.621985266686,0.998103677097805,"-0.119","(49.622)","0.998",399
"Income-group heterogeneity FE","Upper middle income__gdp_per_person_employed__gci_overall","gdp_per_person_employed","Upper middle income","gci_overall","l1_population_total",0.000129185009250135,0.000136785410053419,0.350617187408093,"0.000","(0.000)","0.351",399
"Income-group heterogeneity FE","Upper middle income__gdp_per_person_employed__gci_overall_norm","gdp_per_person_employed","Upper middle income","gci_overall_norm","l1_gci_overall_norm",-15308.7593859017,10168.8438965629,0.140063144429634,"-15308.759","(10168.844)","0.140",399
"Income-group heterogeneity FE","Upper middle income__gdp_per_person_employed__gci_overall_norm","gdp_per_person_employed","Upper middle income","gci_overall_norm","l1_inflation_cpi",7.25709941541177,73.0239188247244,0.921333152956737,"7.257","(73.024)","0.921",399
"Income-group heterogeneity FE","Upper middle income__gdp_per_person_employed__gci_overall_norm","gdp_per_person_employed","Upper middle income","gci_overall_norm","l1_trade_gdp",-3.03886441142106,55.1005977060312,0.956292556754827,"-3.039","(55.101)","0.956",399
"Income-group heterogeneity FE","Upper middle income__gdp_per_person_employed__gci_overall_norm","gdp_per_person_employed","Upper middle income","gci_overall_norm","l1_population_total",0.000167320717291568,0.000132745082561268,0.214804657746577,"0.000","(0.000)","0.215",399
"Income-group heterogeneity FE","Upper middle income__gcf_gdp__cyber_incidents_log","gcf_gdp","Upper middle income","cyber_incidents_log","l1_cyber_incidents_log",0.0717516242492668,0.513723096235306,0.889699342969597,"0.072","(0.514)","0.890",238
"Income-group heterogeneity FE","Upper middle income__gcf_gdp__cyber_incidents_log","gcf_gdp","Upper middle income","cyber_incidents_log","l1_inflation_cpi",0.131258719575297,0.0450664941693971,0.00612220503205512,"0.131**","(0.045)","0.006",238
"Income-group heterogeneity FE","Upper middle income__gcf_gdp__cyber_incidents_log","gcf_gdp","Upper middle income","cyber_incidents_log","l1_trade_gdp",-0.000808863225690412,0.0179051941058005,0.964217656701181,"-0.001","(0.018)","0.964",238
"Income-group heterogeneity FE","Upper middle income__gcf_gdp__cyber_incidents_log","gcf_gdp","Upper middle income","cyber_incidents_log","l1_population_total",3.23657862718229e-08,3.90785602780451e-08,0.413001139505051,"0.000","(0.000)","0.413",238
"Income-group heterogeneity FE","Upper middle income__gcf_gdp__gci_overall","gcf_gdp","Upper middle income","gci_overall","l1_gci_overall",-0.0219147042721832,0.0480092346315975,0.650522140081791,"-0.022","(0.048)","0.651",402
"Income-group heterogeneity FE","Upper middle income__gcf_gdp__gci_overall","gcf_gdp","Upper middle income","gci_overall","l1_inflation_cpi",0.0621872150527187,0.0418186905099582,0.14483790075077,"0.062","(0.042)","0.145",402
"Income-group heterogeneity FE","Upper middle income__gcf_gdp__gci_overall","gcf_gdp","Upper middle income","gci_overall","l1_trade_gdp",0.035372223548318,0.0242240975611463,0.152043231605111,"0.035","(0.024)","0.152",402
"Income-group heterogeneity FE","Upper middle income__gcf_gdp__gci_overall","gcf_gdp","Upper middle income","gci_overall","l1_population_total",-3.49564025213446e-08,6.34304137792422e-08,0.584631550105556,"-0.000","(0.000)","0.585",402
"Income-group heterogeneity FE","Upper middle income__gcf_gdp__gci_overall_norm","gcf_gdp","Upper middle income","gci_overall_norm","l1_gci_overall_norm",-5.6187405351854,4.85980023332709,0.254471796992256,"-5.619","(4.860)","0.254",402
"Income-group heterogeneity FE","Upper middle income__gcf_gdp__gci_overall_norm","gcf_gdp","Upper middle income","gci_overall_norm","l1_inflation_cpi",0.0549675548922512,0.0434073146057498,0.21272355245475,"0.055","(0.043)","0.213",402
"Income-group heterogeneity FE","Upper middle income__gcf_gdp__gci_overall_norm","gcf_gdp","Upper middle income","gci_overall_norm","l1_trade_gdp",0.035347363724315,0.0240999550380316,0.150276704525906,"0.035","(0.024)","0.150",402
"Income-group heterogeneity FE","Upper middle income__gcf_gdp__gci_overall_norm","gcf_gdp","Upper middle income","gci_overall_norm","l1_population_total",-3.00729923092589e-08,6.14512735837348e-08,0.627246087874573,"-0.000","(0.000)","0.627",402
"Income-group heterogeneity FE","Upper middle income__employment_ratio__cyber_incidents_log","employment_ratio","Upper middle income","cyber_incidents_log","l1_cyber_incidents_log",0.323398009748647,0.166789672010008,0.0603762347505622,"0.323+","(0.167)","0.060",236
"Income-group heterogeneity FE","Upper middle income__employment_ratio__cyber_incidents_log","employment_ratio","Upper middle income","cyber_incidents_log","l1_inflation_cpi",0.0214528295646355,0.0233139175290484,0.363607701821082,"0.021","(0.023)","0.364",236
"Income-group heterogeneity FE","Upper middle income__employment_ratio__cyber_incidents_log","employment_ratio","Upper middle income","cyber_incidents_log","l1_trade_gdp",0.00857183519380126,0.0112643483715658,0.451630750991361,"0.009","(0.011)","0.452",236
"Income-group heterogeneity FE","Upper middle income__employment_ratio__cyber_incidents_log","employment_ratio","Upper middle income","cyber_incidents_log","l1_population_total",-1.39556513228004e-07,4.81084952971208e-08,0.00630960285893018,"-0.000**","(0.000)","0.006",236
"Income-group heterogeneity FE","Upper middle income__employment_ratio__gci_overall","employment_ratio","Upper middle income","gci_overall","l1_gci_overall",-0.0386308671547815,0.0196808726174663,0.0566426451657017,"-0.039+","(0.020)","0.057",438
"Income-group heterogeneity FE","Upper middle income__employment_ratio__gci_overall","employment_ratio","Upper middle income","gci_overall","l1_inflation_cpi",0.0104039103732562,0.00607295402405725,0.0944260249496859,"0.010+","(0.006)","0.094",438
"Income-group heterogeneity FE","Upper middle income__employment_ratio__gci_overall","employment_ratio","Upper middle income","gci_overall","l1_trade_gdp",0.0238959189600204,0.0143073054133084,0.10269009510163,"0.024","(0.014)","0.103",438
"Income-group heterogeneity FE","Upper middle income__employment_ratio__gci_overall","employment_ratio","Upper middle income","gci_overall","l1_population_total",-1.18798985494545e-07,5.62764596022166e-08,0.0410717606149969,"-0.000*","(0.000)","0.041",438
"Income-group heterogeneity FE","Upper middle income__employment_ratio__gci_overall_norm","employment_ratio","Upper middle income","gci_overall_norm","l1_gci_overall_norm",1.61485491461421,4.43198494590437,0.717505532670779,"1.615","(4.432)","0.718",438
"Income-group heterogeneity FE","Upper middle income__employment_ratio__gci_overall_norm","employment_ratio","Upper middle income","gci_overall_norm","l1_inflation_cpi",0.0191755996769127,0.00908280042014747,0.0410526560528835,"0.019*","(0.009)","0.041",438
"Income-group heterogeneity FE","Upper middle income__employment_ratio__gci_overall_norm","employment_ratio","Upper middle income","gci_overall_norm","l1_trade_gdp",0.0239390623725754,0.0160456496345987,0.143561725650065,"0.024","(0.016)","0.144",438
"Income-group heterogeneity FE","Upper middle income__employment_ratio__gci_overall_norm","employment_ratio","Upper middle income","gci_overall_norm","l1_population_total",-1.07945886525163e-07,5.66329656872837e-08,0.0638457340861745,"-0.000+","(0.000)","0.064",438
"Income-group heterogeneity FE","Lower income__gdp_growth__cyber_incidents_log","gdp_growth","Lower income","cyber_incidents_log","l1_cyber_incidents_log",-0.420774608695716,0.66282413182856,0.529559450661332,"-0.421","(0.663)","0.530",210
"Income-group heterogeneity FE","Lower income__gdp_growth__cyber_incidents_log","gdp_growth","Lower income","cyber_incidents_log","l1_inflation_cpi",0.00370988792751361,0.00470719739272175,0.435779240467439,"0.004","(0.005)","0.436",210
"Income-group heterogeneity FE","Lower income__gdp_growth__cyber_incidents_log","gdp_growth","Lower income","cyber_incidents_log","l1_trade_gdp",-0.000171163321027349,0.108584295222297,0.998750983954045,"-0.000","(0.109)","0.999",210
"Income-group heterogeneity FE","Lower income__gdp_growth__cyber_incidents_log","gdp_growth","Lower income","cyber_incidents_log","l1_population_total",2.67258310758752e-09,2.21536485487941e-08,0.904648178812776,"0.000","(0.000)","0.905",210
"Income-group heterogeneity FE","Lower income__gdp_growth__gci_overall","gdp_growth","Lower income","gci_overall","l1_gci_overall",0.0412236082861993,0.0652815638622736,0.530052057411827,"0.041","(0.065)","0.530",571
"Income-group heterogeneity FE","Lower income__gdp_growth__gci_overall","gdp_growth","Lower income","gci_overall","l1_inflation_cpi",0.00260189662458178,0.00599277924220231,0.665670805618722,"0.003","(0.006)","0.666",571
"Income-group heterogeneity FE","Lower income__gdp_growth__gci_overall","gdp_growth","Lower income","gci_overall","l1_trade_gdp",0.00442729957269983,0.0352905158031146,0.900570875762055,"0.004","(0.035)","0.901",571
"Income-group heterogeneity FE","Lower income__gdp_growth__gci_overall","gdp_growth","Lower income","gci_overall","l1_population_total",1.03074057176819e-09,1.66332900134288e-08,0.950787231073801,"0.000","(0.000)","0.951",571
"Income-group heterogeneity FE","Lower income__gdp_growth__gci_overall_norm","gdp_growth","Lower income","gci_overall_norm","l1_gci_overall_norm",-0.351203291440131,7.02646172147557,0.960296652332471,"-0.351","(7.026)","0.960",571
"Income-group heterogeneity FE","Lower income__gdp_growth__gci_overall_norm","gdp_growth","Lower income","gci_overall_norm","l1_inflation_cpi",0.00239721471479665,0.00584440671240527,0.683093381184548,"0.002","(0.006)","0.683",571
"Income-group heterogeneity FE","Lower income__gdp_growth__gci_overall_norm","gdp_growth","Lower income","gci_overall_norm","l1_trade_gdp",0.0036513400997312,0.0365780055949122,0.920806626863898,"0.004","(0.037)","0.921",571
"Income-group heterogeneity FE","Lower income__gdp_growth__gci_overall_norm","gdp_growth","Lower income","gci_overall_norm","l1_population_total",-3.76056828601866e-09,1.33155757533693e-08,0.778563117519984,"-0.000","(0.000)","0.779",571
"Income-group heterogeneity FE","Lower income__gdp_per_person_employed__cyber_incidents_log","gdp_per_person_employed","Lower income","cyber_incidents_log","l1_cyber_incidents_log",190.442145234857,293.770711788768,0.52092537305366,"190.442","(293.771)","0.521",209
"Income-group heterogeneity FE","Lower income__gdp_per_person_employed__cyber_incidents_log","gdp_per_person_employed","Lower income","cyber_incidents_log","l1_inflation_cpi",-10.2553808301971,9.39297318030149,0.282168088423903,"-10.255","(9.393)","0.282",209
"Income-group heterogeneity FE","Lower income__gdp_per_person_employed__cyber_incidents_log","gdp_per_person_employed","Lower income","cyber_incidents_log","l1_trade_gdp",-8.63143949125959,18.8719366437484,0.650154140000578,"-8.631","(18.872)","0.650",209
"Income-group heterogeneity FE","Lower income__gdp_per_person_employed__cyber_incidents_log","gdp_per_person_employed","Lower income","cyber_incidents_log","l1_population_total",2.83484891101977e-05,1.90053449643665e-05,0.144514137881231,"0.000","(0.000)","0.145",209
"Income-group heterogeneity FE","Lower income__gdp_per_person_employed__gci_overall","gdp_per_person_employed","Lower income","gci_overall","l1_gci_overall",14.7261246507238,22.9347979839955,0.523262759022678,"14.726","(22.935)","0.523",550
"Income-group heterogeneity FE","Lower income__gdp_per_person_employed__gci_overall","gdp_per_person_employed","Lower income","gci_overall","l1_inflation_cpi",-9.57109400720145,6.89685482994711,0.170346252912733,"-9.571","(6.897)","0.170",550
"Income-group heterogeneity FE","Lower income__gdp_per_person_employed__gci_overall","gdp_per_person_employed","Lower income","gci_overall","l1_trade_gdp",20.0469098337255,9.28531318348975,0.034859829744556,"20.047*","(9.285)","0.035",550
"Income-group heterogeneity FE","Lower income__gdp_per_person_employed__gci_overall","gdp_per_person_employed","Lower income","gci_overall","l1_population_total",4.68832733957409e-05,1.47897559758617e-05,0.0024007330004871,"0.000**","(0.000)","0.002",550
"Income-group heterogeneity FE","Lower income__gdp_per_person_employed__gci_overall_norm","gdp_per_person_employed","Lower income","gci_overall_norm","l1_gci_overall_norm",7640.0259657392,3356.57397700799,0.0264206497729647,"7640.026*","(3356.574)","0.026",550
"Income-group heterogeneity FE","Lower income__gdp_per_person_employed__gci_overall_norm","gdp_per_person_employed","Lower income","gci_overall_norm","l1_inflation_cpi",-9.09878895069896,6.34663833642038,0.156866180448463,"-9.099","(6.347)","0.157",550
"Income-group heterogeneity FE","Lower income__gdp_per_person_employed__gci_overall_norm","gdp_per_person_employed","Lower income","gci_overall_norm","l1_trade_gdp",21.5376502299084,8.95154396539229,0.0192248707740297,"21.538*","(8.952)","0.019",550
"Income-group heterogeneity FE","Lower income__gdp_per_person_employed__gci_overall_norm","gdp_per_person_employed","Lower income","gci_overall_norm","l1_population_total",4.59613104556497e-05,1.29536061631676e-05,0.000760558958424479,"0.000***","(0.000)","0.001",550
"Income-group heterogeneity FE","Lower income__gcf_gdp__cyber_incidents_log","gcf_gdp","Lower income","cyber_incidents_log","l1_cyber_incidents_log",-0.118058941170403,0.809731474446992,0.884915670642474,"-0.118","(0.810)","0.885",201
"Income-group heterogeneity FE","Lower income__gcf_gdp__cyber_incidents_log","gcf_gdp","Lower income","cyber_incidents_log","l1_inflation_cpi",-0.0112175400568273,0.017633002686945,0.528805908023262,"-0.011","(0.018)","0.529",201
"Income-group heterogeneity FE","Lower income__gcf_gdp__cyber_incidents_log","gcf_gdp","Lower income","cyber_incidents_log","l1_trade_gdp",0.0381023528419632,0.0756945044436262,0.617857526945486,"0.038","(0.076)","0.618",201
"Income-group heterogeneity FE","Lower income__gcf_gdp__cyber_incidents_log","gcf_gdp","Lower income","cyber_incidents_log","l1_population_total",5.66131005630407e-08,3.48861590382483e-08,0.113607596273735,"0.000","(0.000)","0.114",201
"Income-group heterogeneity FE","Lower income__gcf_gdp__gci_overall","gcf_gdp","Lower income","gci_overall","l1_gci_overall",-0.0419302524008478,0.118353904197729,0.724372208348421,"-0.042","(0.118)","0.724",547
"Income-group heterogeneity FE","Lower income__gcf_gdp__gci_overall","gcf_gdp","Lower income","gci_overall","l1_inflation_cpi",-0.0112389734976798,0.014410095951112,0.438493611078371,"-0.011","(0.014)","0.438",547
"Income-group heterogeneity FE","Lower income__gcf_gdp__gci_overall","gcf_gdp","Lower income","gci_overall","l1_trade_gdp",-0.0372538924324874,0.0609310545123727,0.543237477237153,"-0.037","(0.061)","0.543",547
"Income-group heterogeneity FE","Lower income__gcf_gdp__gci_overall","gcf_gdp","Lower income","gci_overall","l1_population_total",5.61608504394e-08,3.25044611793503e-08,0.0891703609002192,"0.000+","(0.000)","0.089",547
"Income-group heterogeneity FE","Lower income__gcf_gdp__gci_overall_norm","gcf_gdp","Lower income","gci_overall_norm","l1_gci_overall_norm",-1.56715296819861,10.0331230153235,0.876401381074538,"-1.567","(10.033)","0.876",547
"Income-group heterogeneity FE","Lower income__gcf_gdp__gci_overall_norm","gcf_gdp","Lower income","gci_overall_norm","l1_inflation_cpi",-0.0111712915890817,0.0143363270409257,0.438907157923077,"-0.011","(0.014)","0.439",547
"Income-group heterogeneity FE","Lower income__gcf_gdp__gci_overall_norm","gcf_gdp","Lower income","gci_overall_norm","l1_trade_gdp",-0.0371060311184694,0.06095442450423,0.544987836182033,"-0.037","(0.061)","0.545",547
"Income-group heterogeneity FE","Lower income__gcf_gdp__gci_overall_norm","gcf_gdp","Lower income","gci_overall_norm","l1_population_total",6.04657401013399e-08,2.91118165327317e-08,0.0420896199653547,"0.000*","(0.000)","0.042",547
"Income-group heterogeneity FE","Lower income__employment_ratio__cyber_incidents_log","employment_ratio","Lower income","cyber_incidents_log","l1_cyber_incidents_log",-0.0268547716484593,0.37385622727566,0.943133348257172,"-0.027","(0.374)","0.943",209
"Income-group heterogeneity FE","Lower income__employment_ratio__cyber_incidents_log","employment_ratio","Lower income","cyber_incidents_log","l1_inflation_cpi",-0.00540255269577287,0.00400214144178894,0.185470356114166,"-0.005","(0.004)","0.185",209
"Income-group heterogeneity FE","Lower income__employment_ratio__cyber_incidents_log","employment_ratio","Lower income","cyber_incidents_log","l1_trade_gdp",0.0117259616069909,0.0275469006688418,0.672880536897388,"0.012","(0.028)","0.673",209
"Income-group heterogeneity FE","Lower income__employment_ratio__cyber_incidents_log","employment_ratio","Lower income","cyber_incidents_log","l1_population_total",4.36580061743832e-08,1.51624162381688e-08,0.00666873003298671,"0.000**","(0.000)","0.007",209
"Income-group heterogeneity FE","Lower income__employment_ratio__gci_overall","employment_ratio","Lower income","gci_overall","l1_gci_overall",-0.03244203727337,0.0259513370104519,0.216033880017951,"-0.032","(0.026)","0.216",596
"Income-group heterogeneity FE","Lower income__employment_ratio__gci_overall","employment_ratio","Lower income","gci_overall","l1_inflation_cpi",-0.0072466152346822,0.00345984782505064,0.0403777583783068,"-0.007*","(0.003)","0.040",596
"Income-group heterogeneity FE","Lower income__employment_ratio__gci_overall","employment_ratio","Lower income","gci_overall","l1_trade_gdp",0.000860280201690519,0.0109691819073352,0.937745087141999,"0.001","(0.011)","0.938",596
"Income-group heterogeneity FE","Lower income__employment_ratio__gci_overall","employment_ratio","Lower income","gci_overall","l1_population_total",3.33260298994068e-08,7.73768933153e-09,6.11410855402209e-05,"0.000***","(0.000)","0.000",596
"Income-group heterogeneity FE","Lower income__employment_ratio__gci_overall_norm","employment_ratio","Lower income","gci_overall_norm","l1_gci_overall_norm",-3.01586730902519,3.01380883771205,0.32093320419934,"-3.016","(3.014)","0.321",596
"Income-group heterogeneity FE","Lower income__employment_ratio__gci_overall_norm","employment_ratio","Lower income","gci_overall_norm","l1_inflation_cpi",-0.0073437028186529,0.00359625341306454,0.0454774159871355,"-0.007*","(0.004)","0.045",596
"Income-group heterogeneity FE","Lower income__employment_ratio__gci_overall_norm","employment_ratio","Lower income","gci_overall_norm","l1_trade_gdp",0.00186056888007242,0.0108529614353267,0.864449794381412,"0.002","(0.011)","0.864",596
"Income-group heterogeneity FE","Lower income__employment_ratio__gci_overall_norm","employment_ratio","Lower income","gci_overall_norm","l1_population_total",3.74480683938327e-08,7.93144728608168e-09,1.41461340059718e-05,"0.000***","(0.000)","0.000",596
