"iso3c","year","country","cyber_incidents","cyber_incidents_log"
"ABW",2021,"Aruba",3,1.38629436111989
"AFG",2016,"Afghanistan",13,2.63905732961526
"AFG",2017,"Afghanistan",2,1.09861228866811
"AFG",2018,"Afghanistan",5,1.79175946922805
"AFG",2019,"Afghanistan",1,0.693147180559945
"AFG",2020,"Afghanistan",1,0.693147180559945
"AFG",2021,"Afghanistan",11,2.484906649788
"AFG",2022,"Afghanistan",2,1.09861228866811
"AGO",2016,"Angola",28,3.36729582998647
"AGO",2020,"Angola",2,1.09861228866811
"AGO",2021,"Angola",2,1.09861228866811
"ALB",2014,"Albania",1,0.693147180559945
"ALB",2016,"Albania",2,1.09861228866811
"ALB",2018,"Albania",2,1.09861228866811
"ALB",2020,"Albania",1,0.693147180559945
"ALB",2021,"Albania",1,0.693147180559945
"ALB",2022,"Albania",14,2.70805020110221
"AND",2022,"Andorra",1,0.693147180559945
"ARE",2014,"United Arab Emirates",4,1.6094379124341
"ARE",2015,"United Arab Emirates",4,1.6094379124341
"ARE",2016,"United Arab Emirates",3,1.38629436111989
"ARE",2017,"United Arab Emirates",19,2.99573227355399
"ARE",2018,"United Arab Emirates",19,2.99573227355399
"ARE",2019,"United Arab Emirates",24,3.2188758248682
"ARE",2020,"United Arab Emirates",17,2.89037175789616
"ARE",2021,"United Arab Emirates",14,2.70805020110221
"ARE",2022,"United Arab Emirates",13,2.63905732961526
"ARG",2016,"Argentina",2,1.09861228866811
"ARG",2017,"Argentina",51,3.95124371858143
"ARG",2018,"Argentina",26,3.29583686600433
"ARG",2019,"Argentina",24,3.2188758248682
"ARG",2020,"Argentina",29,3.40119738166216
"ARG",2021,"Argentina",29,3.40119738166216
"ARG",2022,"Argentina",75,4.33073334028633
"ARM",2014,"Armenia",5,1.79175946922805
"ARM",2015,"Armenia",1,0.693147180559945
"ARM",2016,"Armenia",44,3.80666248977032
"ARM",2017,"Armenia",4,1.6094379124341
"ARM",2018,"Armenia",5,1.79175946922805
"ARM",2019,"Armenia",6,1.94591014905531
"ARM",2020,"Armenia",14,2.70805020110221
"ARM",2021,"Armenia",9,2.30258509299405
"ARM",2022,"Armenia",5,1.79175946922805
"ASM",2022,"American Samoa",1,0.693147180559945
"AUS",2014,"Australia",10,2.39789527279837
"AUS",2015,"Australia",24,3.2188758248682
"AUS",2016,"Australia",12,2.56494935746154
"AUS",2017,"Australia",114,4.74493212836325
"AUS",2018,"Australia",123,4.82028156560504
"AUS",2019,"Australia",115,4.75359019110636
"AUS",2020,"Australia",99,4.60517018598809
"AUS",2021,"Australia",104,4.65396035015752
"AUS",2022,"Australia",95,4.56434819146784
"AUT",2014,"Austria",1,0.693147180559945
"AUT",2015,"Austria",1,0.693147180559945
"AUT",2016,"Austria",3,1.38629436111989
"AUT",2017,"Austria",12,2.56494935746154
"AUT",2018,"Austria",12,2.56494935746154
"AUT",2019,"Austria",17,2.89037175789616
"AUT",2020,"Austria",16,2.83321334405622
"AUT",2021,"Austria",15,2.77258872223978
"AUT",2022,"Austria",23,3.17805383034795
"AZE",2014,"Azerbaijan",5,1.79175946922805
"AZE",2015,"Azerbaijan",6,1.94591014905531
"AZE",2016,"Azerbaijan",11,2.484906649788
"AZE",2017,"Azerbaijan",11,2.484906649788
"AZE",2018,"Azerbaijan",8,2.19722457733622
"AZE",2019,"Azerbaijan",6,1.94591014905531
"AZE",2020,"Azerbaijan",7,2.07944154167984
"AZE",2021,"Azerbaijan",1,0.693147180559945
"AZE",2022,"Azerbaijan",3,1.38629436111989
"BEL",2014,"Belgium",4,1.6094379124341
"BEL",2015,"Belgium",7,2.07944154167984
"BEL",2016,"Belgium",7,2.07944154167984
"BEL",2017,"Belgium",27,3.3322045101752
"BEL",2018,"Belgium",23,3.17805383034795
"BEL",2019,"Belgium",21,3.09104245335832
"BEL",2020,"Belgium",26,3.29583686600433
"BEL",2021,"Belgium",38,3.66356164612965
"BEL",2022,"Belgium",21,3.09104245335832
"BEN",2017,"Benin",1,0.693147180559945
"BEN",2020,"Benin",1,0.693147180559945
"BEN",2022,"Benin",1,0.693147180559945
"BES",2022,"Bonaire, Saint Eustatius and Saba",1,0.693147180559945
"BFA",2017,"Burkina Faso",3,1.38629436111989
"BGD",2014,"Bangladesh",1,0.693147180559945
"BGD",2015,"Bangladesh",2,1.09861228866811
"BGD",2016,"Bangladesh",5,1.79175946922805
"BGD",2017,"Bangladesh",21,3.09104245335832
"BGD",2018,"Bangladesh",17,2.89037175789616
"BGD",2019,"Bangladesh",28,3.36729582998647
"BGD",2020,"Bangladesh",19,2.99573227355399
"BGD",2021,"Bangladesh",15,2.77258872223978
"BGD",2022,"Bangladesh",19,2.99573227355399
"BGR",2015,"Bulgaria",1,0.693147180559945
"BGR",2017,"Bulgaria",11,2.484906649788
"BGR",2018,"Bulgaria",9,2.30258509299405
"BGR",2019,"Bulgaria",69,4.24849524204936
"BGR",2020,"Bulgaria",18,2.94443897916644
"BGR",2021,"Bulgaria",25,3.25809653802148
"BGR",2022,"Bulgaria",21,3.09104245335832
"BHR",2015,"Bahrain",2,1.09861228866811
"BHR",2018,"Bahrain",6,1.94591014905531
"BHR",2019,"Bahrain",7,2.07944154167984
"BHR",2020,"Bahrain",2,1.09861228866811
"BHR",2021,"Bahrain",2,1.09861228866811
"BHR",2022,"Bahrain",5,1.79175946922805
"BHS",2016,"Bahamas, The",1,0.693147180559945
"BHS",2017,"Bahamas, The",2,1.09861228866811
"BHS",2018,"Bahamas, The",3,1.38629436111989
"BHS",2019,"Bahamas, The",1,0.693147180559945
"BHS",2020,"Bahamas, The",5,1.79175946922805
"BHS",2021,"Bahamas, The",1,0.693147180559945
"BHS",2022,"Bahamas, The",2,1.09861228866811
"BIH",2016,"Bosnia and Herzegovina",1,0.693147180559945
"BIH",2017,"Bosnia and Herzegovina",1,0.693147180559945
"BIH",2018,"Bosnia and Herzegovina",1,0.693147180559945
"BIH",2019,"Bosnia and Herzegovina",1,0.693147180559945
"BIH",2020,"Bosnia and Herzegovina",4,1.6094379124341
"BIH",2021,"Bosnia and Herzegovina",6,1.94591014905531
"BIH",2022,"Bosnia and Herzegovina",3,1.38629436111989
"BLR",2017,"Belarus",13,2.63905732961526
"BLR",2018,"Belarus",6,1.94591014905531
"BLR",2019,"Belarus",7,2.07944154167984
"BLR",2020,"Belarus",20,3.04452243772342
"BLR",2021,"Belarus",17,2.89037175789616
"BLR",2022,"Belarus",5,1.79175946922805
"BLZ",2017,"Belize",1,0.693147180559945
"BMU",2016,"Bermuda",1,0.693147180559945
"BMU",2017,"Bermuda",1,0.693147180559945
"BMU",2019,"Bermuda",2,1.09861228866811
"BMU",2020,"Bermuda",1,0.693147180559945
"BMU",2022,"Bermuda",2,1.09861228866811
"BOL",2016,"Bolivia",1,0.693147180559945
"BOL",2017,"Bolivia",5,1.79175946922805
"BOL",2018,"Bolivia",4,1.6094379124341
"BOL",2019,"Bolivia",3,1.38629436111989
"BOL",2020,"Bolivia",2,1.09861228866811
"BOL",2021,"Bolivia",2,1.09861228866811
"BOL",2022,"Bolivia",3,1.38629436111989
"BRA",2014,"Brazil",8,2.19722457733622
"BRA",2015,"Brazil",7,2.07944154167984
"BRA",2016,"Brazil",15,2.77258872223978
"BRA",2017,"Brazil",24,3.2188758248682
"BRA",2018,"Brazil",37,3.63758615972639
"BRA",2019,"Brazil",57,4.06044301054642
"BRA",2020,"Brazil",33,3.52636052461616
"BRA",2021,"Brazil",61,4.12713438504509
"BRA",2022,"Brazil",38,3.66356164612965
"BRB",2015,"Barbados",1,0.693147180559945
"BRB",2018,"Barbados",1,0.693147180559945
"BRB",2021,"Barbados",2,1.09861228866811
"BRB",2022,"Barbados",1,0.693147180559945
"BRN",2018,"Brunei Darussalam",2,1.09861228866811
"BRN",2020,"Brunei Darussalam",1,0.693147180559945
"BRN",2021,"Brunei Darussalam",1,0.693147180559945
"BTN",2018,"Bhutan",1,0.693147180559945
"BTN",2019,"Bhutan",1,0.693147180559945
"BWA",2019,"Botswana",1,0.693147180559945
"BWA",2022,"Botswana",1,0.693147180559945
"CAN",2014,"Canada",10,2.39789527279837
"CAN",2015,"Canada",24,3.2188758248682
"CAN",2016,"Canada",18,2.94443897916644
"CAN",2017,"Canada",72,4.29045944114839
"CAN",2018,"Canada",118,4.77912349311153
"CAN",2019,"Canada",107,4.68213122712422
"CAN",2020,"Canada",118,4.77912349311153
"CAN",2021,"Canada",77,4.35670882668959
"CAN",2022,"Canada",83,4.43081679884331
"CHE",2015,"Switzerland",4,1.6094379124341
"CHE",2016,"Switzerland",6,1.94591014905531
"CHE",2017,"Switzerland",13,2.63905732961526
"CHE",2018,"Switzerland",29,3.40119738166216
"CHE",2019,"Switzerland",28,3.36729582998647
"CHE",2020,"Switzerland",29,3.40119738166216
"CHE",2021,"Switzerland",46,3.85014760171006
"CHE",2022,"Switzerland",32,3.49650756146648
"CHL",2015,"Chile",2,1.09861228866811
"CHL",2016,"Chile",1,0.693147180559945
"CHL",2017,"Chile",19,2.99573227355399
"CHL",2018,"Chile",24,3.2188758248682
"CHL",2019,"Chile",26,3.29583686600433
"CHL",2020,"Chile",21,3.09104245335832
"CHL",2021,"Chile",11,2.484906649788
"CHL",2022,"Chile",33,3.52636052461616
"CHN",2014,"China",9,2.30258509299405
"CHN",2015,"China",16,2.83321334405622
"CHN",2016,"China",18,2.94443897916644
"CHN",2017,"China",95,4.56434819146784
"CHN",2018,"China",94,4.55387689160054
"CHN",2019,"China",85,4.45434729625351
"CHN",2020,"China",91,4.52178857704904
"CHN",2021,"China",79,4.38202663467388
"CHN",2022,"China",88,4.48863636973214
"CIV",2022,"Cote d'Ivoire",2,1.09861228866811
"CMR",2017,"Cameroon",2,1.09861228866811
"CMR",2018,"Cameroon",2,1.09861228866811
"CMR",2019,"Cameroon",1,0.693147180559945
"CMR",2020,"Cameroon",2,1.09861228866811
"COD",2020,"Congo, Dem. Rep.",2,1.09861228866811
"COD",2022,"Congo, Dem. Rep.",1,0.693147180559945
"COL",2015,"Colombia",1,0.693147180559945
"COL",2017,"Colombia",14,2.70805020110221
"COL",2018,"Colombia",10,2.39789527279837
"COL",2019,"Colombia",18,2.94443897916644
"COL",2020,"Colombia",5,1.79175946922805
"COL",2021,"Colombia",10,2.39789527279837
"COL",2022,"Colombia",29,3.40119738166216
"CPV",2020,"Cabo Verde",1,0.693147180559945
"CRI",2015,"Costa Rica",1,0.693147180559945
"CRI",2016,"Costa Rica",3,1.38629436111989
"CRI",2017,"Costa Rica",3,1.38629436111989
"CRI",2018,"Costa Rica",3,1.38629436111989
"CRI",2019,"Costa Rica",1,0.693147180559945
"CRI",2020,"Costa Rica",9,2.30258509299405
"CRI",2021,"Costa Rica",3,1.38629436111989
"CRI",2022,"Costa Rica",37,3.63758615972639
"CUB",2017,"Cuba",3,1.38629436111989
"CUB",2018,"Cuba",2,1.09861228866811
"CUB",2019,"Cuba",4,1.6094379124341
"CUB",2020,"Cuba",3,1.38629436111989
"CUB",2021,"Cuba",1,0.693147180559945
"CUB",2022,"Cuba",2,1.09861228866811
"CUW",2020,"Curacao",1,0.693147180559945
"CYM",2015,"Cayman Islands",2,1.09861228866811
"CYM",2019,"Cayman Islands",1,0.693147180559945
"CYM",2020,"Cayman Islands",1,0.693147180559945
"CYM",2021,"Cayman Islands",2,1.09861228866811
"CYM",2022,"Cayman Islands",1,0.693147180559945
"CYP",2014,"Cyprus",1,0.693147180559945
"CYP",2016,"Cyprus",1,0.693147180559945
"CYP",2017,"Cyprus",2,1.09861228866811
"CYP",2018,"Cyprus",6,1.94591014905531
"CYP",2019,"Cyprus",3,1.38629436111989
"CYP",2020,"Cyprus",3,1.38629436111989
"CYP",2021,"Cyprus",1,0.693147180559945
"CYP",2022,"Cyprus",2,1.09861228866811
"CZE",2014,"Czech Republic",1,0.693147180559945
"CZE",2016,"Czech Republic",8,2.19722457733622
"CZE",2017,"Czech Republic",34,3.55534806148941
"CZE",2018,"Czech Republic",25,3.25809653802148
"CZE",2019,"Czech Republic",25,3.25809653802148
"CZE",2020,"Czech Republic",29,3.40119738166216
"CZE",2021,"Czech Republic",34,3.55534806148941
"CZE",2022,"Czech Republic",27,3.3322045101752
"DEU",2014,"Germany",3,1.38629436111989
"DEU",2015,"Germany",11,2.484906649788
"DEU",2016,"Germany",9,2.30258509299405
"DEU",2017,"Germany",76,4.34380542185368
"DEU",2018,"Germany",113,4.7361984483945
"DEU",2019,"Germany",102,4.63472898822964
"DEU",2020,"Germany",100,4.61512051684126
"DEU",2021,"Germany",112,4.72738781871234
"DEU",2022,"Germany",133,4.89783979995091
"DNK",2014,"Denmark",1,0.693147180559945
"DNK",2015,"Denmark",1,0.693147180559945
"DNK",2016,"Denmark",1,0.693147180559945
"DNK",2017,"Denmark",56,4.04305126783455
"DNK",2018,"Denmark",35,3.58351893845611
"DNK",2019,"Denmark",37,3.63758615972639
"DNK",2020,"Denmark",34,3.55534806148941
"DNK",2021,"Denmark",15,2.77258872223978
"DNK",2022,"Denmark",14,2.70805020110221
"DOM",2016,"Dominican Republic",1,0.693147180559945
"DOM",2017,"Dominican Republic",4,1.6094379124341
"DOM",2018,"Dominican Republic",2,1.09861228866811
"DOM",2019,"Dominican Republic",9,2.30258509299405
"DOM",2020,"Dominican Republic",8,2.19722457733622
"DOM",2021,"Dominican Republic",6,1.94591014905531
"DOM",2022,"Dominican Republic",7,2.07944154167984
"DZA",2017,"Algeria",5,1.79175946922805
"DZA",2018,"Algeria",1,0.693147180559945
"DZA",2019,"Algeria",3,1.38629436111989
"DZA",2020,"Algeria",2,1.09861228866811
"DZA",2021,"Algeria",4,1.6094379124341
"DZA",2022,"Algeria",2,1.09861228866811
"ECU",2014,"Ecuador",1,0.693147180559945
"ECU",2015,"Ecuador",2,1.09861228866811
"ECU",2016,"Ecuador",1,0.693147180559945
"ECU",2017,"Ecuador",6,1.94591014905531
"ECU",2018,"Ecuador",5,1.79175946922805
"ECU",2019,"Ecuador",12,2.56494935746154
"ECU",2020,"Ecuador",2,1.09861228866811
"ECU",2021,"Ecuador",6,1.94591014905531
"ECU",2022,"Ecuador",6,1.94591014905531
"EGY",2014,"Egypt, Arab Rep.",4,1.6094379124341
"EGY",2015,"Egypt, Arab Rep.",9,2.30258509299405
"EGY",2016,"Egypt, Arab Rep.",2,1.09861228866811
"EGY",2017,"Egypt, Arab Rep.",15,2.77258872223978
"EGY",2018,"Egypt, Arab Rep.",7,2.07944154167984
"EGY",2019,"Egypt, Arab Rep.",7,2.07944154167984
"EGY",2020,"Egypt, Arab Rep.",10,2.39789527279837
"EGY",2021,"Egypt, Arab Rep.",10,2.39789527279837
"EGY",2022,"Egypt, Arab Rep.",3,1.38629436111989
"ESP",2014,"Spain",4,1.6094379124341
"ESP",2015,"Spain",2,1.09861228866811
"ESP",2016,"Spain",3,1.38629436111989
"ESP",2017,"Spain",56,4.04305126783455
"ESP",2018,"Spain",52,3.97029191355212
"ESP",2019,"Spain",87,4.47733681447821
"ESP",2020,"Spain",72,4.29045944114839
"ESP",2021,"Spain",88,4.48863636973214
"ESP",2022,"Spain",78,4.36944785246702
"EST",2017,"Estonia",11,2.484906649788
"EST",2018,"Estonia",3,1.38629436111989
"EST",2019,"Estonia",4,1.6094379124341
"EST",2020,"Estonia",16,2.83321334405622
"EST",2021,"Estonia",10,2.39789527279837
"EST",2022,"Estonia",11,2.484906649788
"ETH",2019,"Ethiopia",3,1.38629436111989
"ETH",2020,"Ethiopia",1,0.693147180559945
"ETH",2021,"Ethiopia",1,0.693147180559945
"ETH",2022,"Ethiopia",2,1.09861228866811
"FIN",2014,"Finland",3,1.38629436111989
"FIN",2015,"Finland",2,1.09861228866811
"FIN",2016,"Finland",3,1.38629436111989
"FIN",2017,"Finland",29,3.40119738166216
"FIN",2018,"Finland",47,3.87120101090789
"FIN",2019,"Finland",23,3.17805383034795
"FIN",2020,"Finland",40,3.71357206670431
"FIN",2021,"Finland",44,3.80666248977032
"FIN",2022,"Finland",36,3.61091791264422
"FJI",2016,"Fiji",1,0.693147180559945
"FJI",2021,"Fiji",1,0.693147180559945
"FRA",2014,"France",9,2.30258509299405
"FRA",2015,"France",16,2.83321334405622
"FRA",2016,"France",10,2.39789527279837
"FRA",2017,"France",97,4.58496747867057
"FRA",2018,"France",82,4.4188406077966
"FRA",2019,"France",81,4.40671924726425
"FRA",2020,"France",110,4.70953020131233
"FRA",2021,"France",152,5.03043792139244
"FRA",2022,"France",135,4.91265488573605
"GAB",2017,"Gabon",1,0.693147180559945
"GAB",2018,"Gabon",1,0.693147180559945
"GBR",2014,"United Kingdom",28,3.36729582998647
"GBR",2015,"United Kingdom",75,4.33073334028633
"GBR",2016,"United Kingdom",54,4.00733318523247
"GBR",2017,"United Kingdom",330,5.80211837537706
"GBR",2018,"United Kingdom",351,5.8636311755981
"GBR",2019,"United Kingdom",330,5.80211837537706
"GBR",2020,"United Kingdom",323,5.78074351579233
"GBR",2021,"United Kingdom",234,5.45958551414416
"GBR",2022,"United Kingdom",215,5.37527840768417
"GEO",2015,"Georgia",1,0.693147180559945
"GEO",2017,"Georgia",3,1.38629436111989
"GEO",2018,"Georgia",1,0.693147180559945
"GEO",2019,"Georgia",5,1.79175946922805
"GEO",2020,"Georgia",6,1.94591014905531
"GEO",2021,"Georgia",1,0.693147180559945
"GGY",2018,"Guernsey",1,0.693147180559945
"GGY",2020,"Guernsey",1,0.693147180559945
"GHA",2015,"Ghana",1,0.693147180559945
"GHA",2016,"Ghana",1,0.693147180559945
"GHA",2017,"Ghana",7,2.07944154167984
"GHA",2018,"Ghana",3,1.38629436111989
"GHA",2019,"Ghana",7,2.07944154167984
"GHA",2020,"Ghana",4,1.6094379124341
"GHA",2021,"Ghana",1,0.693147180559945
"GHA",2022,"Ghana",1,0.693147180559945
"GIB",2020,"Gibraltar",1,0.693147180559945
"GIB",2022,"Gibraltar",1,0.693147180559945
"GIN",2017,"Guinea",1,0.693147180559945
"GLP",2022,"Guadeloupe",1,0.693147180559945
"GMB",2017,"Gambia, The",2,1.09861228866811
"GMB",2019,"Gambia, The",2,1.09861228866811
"GRC",2016,"Greece",1,0.693147180559945
"GRC",2017,"Greece",5,1.79175946922805
"GRC",2018,"Greece",7,2.07944154167984
"GRC",2019,"Greece",9,2.30258509299405
"GRC",2020,"Greece",7,2.07944154167984
"GRC",2021,"Greece",1,0.693147180559945
"GRC",2022,"Greece",19,2.99573227355399
"GRL",2022,"Greenland",1,0.693147180559945
"GTM",2014,"Guatemala",3,1.38629436111989
"GTM",2017,"Guatemala",2,1.09861228866811
"GTM",2018,"Guatemala",1,0.693147180559945
"GTM",2019,"Guatemala",1,0.693147180559945
"GTM",2020,"Guatemala",1,0.693147180559945
"GTM",2021,"Guatemala",2,1.09861228866811
"GTM",2022,"Guatemala",4,1.6094379124341
"GUF",2022,"Guiana, French",1,0.693147180559945
"GUM",2015,"Guam",2,1.09861228866811
"GUM",2018,"Guam",1,0.693147180559945
"GUM",2022,"Guam",1,0.693147180559945
"GUY",2017,"Guyana",1,0.693147180559945
"GUY",2018,"Guyana",1,0.693147180559945
"GUY",2019,"Guyana",2,1.09861228866811
"HKG",2017,"Hong Kong SAR, China",12,2.56494935746154
"HKG",2018,"Hong Kong SAR, China",20,3.04452243772342
"HKG",2019,"Hong Kong SAR, China",6,1.94591014905531
"HKG",2020,"Hong Kong SAR, China",9,2.30258509299405
"HKG",2021,"Hong Kong SAR, China",7,2.07944154167984
"HKG",2022,"Hong Kong SAR, China",9,2.30258509299405
"HND",2017,"Honduras",2,1.09861228866811
"HND",2018,"Honduras",3,1.38629436111989
"HND",2019,"Honduras",1,0.693147180559945
"HND",2020,"Honduras",1,0.693147180559945
"HND",2022,"Honduras",1,0.693147180559945
"HRV",2017,"Croatia",10,2.39789527279837
"HRV",2018,"Croatia",2,1.09861228866811
"HRV",2019,"Croatia",6,1.94591014905531
"HRV",2020,"Croatia",11,2.484906649788
"HRV",2021,"Croatia",1,0.693147180559945
"HRV",2022,"Croatia",11,2.484906649788
"HTI",2017,"Haiti",1,0.693147180559945
"HUN",2016,"Hungary",1,0.693147180559945
"HUN",2017,"Hungary",23,3.17805383034795
"HUN",2018,"Hungary",16,2.83321334405622
"HUN",2019,"Hungary",19,2.99573227355399
"HUN",2020,"Hungary",15,2.77258872223978
"HUN",2021,"Hungary",25,3.25809653802148
"HUN",2022,"Hungary",21,3.09104245335832
"IDN",2014,"Indonesia",2,1.09861228866811
"IDN",2016,"Indonesia",1,0.693147180559945
"IDN",2017,"Indonesia",62,4.14313472639153
"IDN",2018,"Indonesia",50,3.93182563272433
"IDN",2019,"Indonesia",75,4.33073334028633
"IDN",2020,"Indonesia",114,4.74493212836325
"IDN",2021,"Indonesia",97,4.58496747867057
"IDN",2022,"Indonesia",111,4.71849887129509
"IMN",2015,"Isle of Man",1,0.693147180559945
"IMN",2019,"Isle of Man",1,0.693147180559945
"IND",2014,"India",24,3.2188758248682
"IND",2015,"India",28,3.36729582998647
"IND",2016,"India",42,3.76120011569356
"IND",2017,"India",172,5.15329159449778
"IND",2018,"India",161,5.08759633523238
"IND",2019,"India",207,5.33753807970132
"IND",2020,"India",198,5.29330482472449
"IND",2021,"India",198,5.29330482472449
"IND",2022,"India",171,5.14749447681345
"IRL",2014,"Ireland",1,0.693147180559945
"IRL",2015,"Ireland",1,0.693147180559945
"IRL",2016,"Ireland",8,2.19722457733622
"IRL",2017,"Ireland",38,3.66356164612965
"IRL",2018,"Ireland",42,3.76120011569356
"IRL",2019,"Ireland",31,3.46573590279973
"IRL",2020,"Ireland",22,3.13549421592915
"IRL",2021,"Ireland",54,4.00733318523247
"IRL",2022,"Ireland",26,3.29583686600433
"IRN",2015,"Iran, Islamic Rep.",2,1.09861228866811
"IRN",2016,"Iran, Islamic Rep.",9,2.30258509299405
"IRN",2017,"Iran, Islamic Rep.",14,2.70805020110221
"IRN",2018,"Iran, Islamic Rep.",28,3.36729582998647
"IRN",2019,"Iran, Islamic Rep.",28,3.36729582998647
"IRN",2020,"Iran, Islamic Rep.",23,3.17805383034795
"IRN",2021,"Iran, Islamic Rep.",29,3.40119738166216
"IRN",2022,"Iran, Islamic Rep.",35,3.58351893845611
"IRQ",2015,"Iraq",1,0.693147180559945
"IRQ",2017,"Iraq",4,1.6094379124341
"IRQ",2018,"Iraq",3,1.38629436111989
"IRQ",2019,"Iraq",3,1.38629436111989
"IRQ",2020,"Iraq",1,0.693147180559945
"IRQ",2021,"Iraq",1,0.693147180559945
"IRQ",2022,"Iraq",2,1.09861228866811
"ISL",2015,"Iceland",1,0.693147180559945
"ISL",2018,"Iceland",2,1.09861228866811
"ISL",2019,"Iceland",2,1.09861228866811
"ISL",2021,"Iceland",1,0.693147180559945
"ISL",2022,"Iceland",3,1.38629436111989
"ISR",2014,"Israel",27,3.3322045101752
"ISR",2015,"Israel",17,2.89037175789616
"ISR",2016,"Israel",11,2.484906649788
"ISR",2017,"Israel",40,3.71357206670431
"ISR",2018,"Israel",49,3.91202300542815
"ISR",2019,"Israel",58,4.07753744390572
"ISR",2020,"Israel",71,4.27666611901606
"ISR",2021,"Israel",72,4.29045944114839
"ISR",2022,"Israel",85,4.45434729625351
"ITA",2014,"Italy",4,1.6094379124341
"ITA",2015,"Italy",9,2.30258509299405
"ITA",2016,"Italy",18,2.94443897916644
"ITA",2017,"Italy",31,3.46573590279973
"ITA",2018,"Italy",56,4.04305126783455
"ITA",2019,"Italy",48,3.89182029811063
"ITA",2020,"Italy",61,4.12713438504509
"ITA",2021,"Italy",52,3.97029191355212
"ITA",2022,"Italy",67,4.21950770517611
"JAM",2017,"Jamaica",1,0.693147180559945
"JAM",2018,"Jamaica",1,0.693147180559945
"JAM",2020,"Jamaica",4,1.6094379124341
"JAM",2021,"Jamaica",4,1.6094379124341
"JAM",2022,"Jamaica",1,0.693147180559945
"JEY",2017,"Jersey",5,1.79175946922805
"JEY",2018,"Jersey",1,0.693147180559945
"JOR",2016,"Jordan",2,1.09861228866811
"JOR",2017,"Jordan",1,0.693147180559945
"JOR",2018,"Jordan",2,1.09861228866811
"JOR",2019,"Jordan",1,0.693147180559945
"JOR",2021,"Jordan",1,0.693147180559945
"JOR",2022,"Jordan",1,0.693147180559945
"JPN",2014,"Japan",5,1.79175946922805
"JPN",2015,"Japan",9,2.30258509299405
"JPN",2016,"Japan",15,2.77258872223978
"JPN",2017,"Japan",52,3.97029191355212
"JPN",2018,"Japan",105,4.66343909411207
"JPN",2019,"Japan",108,4.69134788222914
"JPN",2020,"Japan",74,4.31748811353631
"JPN",2021,"Japan",48,3.89182029811063
"JPN",2022,"Japan",47,3.87120101090789
"KAZ",2015,"Kazakhstan",1,0.693147180559945
"KAZ",2017,"Kazakhstan",14,2.70805020110221
"KAZ",2018,"Kazakhstan",12,2.56494935746154
"KAZ",2019,"Kazakhstan",12,2.56494935746154
"KAZ",2020,"Kazakhstan",10,2.39789527279837
"KAZ",2021,"Kazakhstan",10,2.39789527279837
"KAZ",2022,"Kazakhstan",5,1.79175946922805
"KEN",2014,"Kenya",1,0.693147180559945
"KEN",2015,"Kenya",3,1.38629436111989
"KEN",2016,"Kenya",5,1.79175946922805
"KEN",2017,"Kenya",20,3.04452243772342
"KEN",2018,"Kenya",13,2.63905732961526
"KEN",2019,"Kenya",15,2.77258872223978
"KEN",2020,"Kenya",10,2.39789527279837
"KEN",2021,"Kenya",8,2.19722457733622
"KEN",2022,"Kenya",4,1.6094379124341
"KGZ",2017,"Kyrgyz Republic",2,1.09861228866811
"KGZ",2018,"Kyrgyz Republic",3,1.38629436111989
"KGZ",2019,"Kyrgyz Republic",9,2.30258509299405
"KGZ",2020,"Kyrgyz Republic",5,1.79175946922805
"KGZ",2021,"Kyrgyz Republic",7,2.07944154167984
"KGZ",2022,"Kyrgyz Republic",4,1.6094379124341
"KHM",2015,"Cambodia",7,2.07944154167984
"KHM",2017,"Cambodia",8,2.19722457733622
"KHM",2018,"Cambodia",4,1.6094379124341
"KHM",2019,"Cambodia",1,0.693147180559945
"KHM",2020,"Cambodia",1,0.693147180559945
"KHM",2021,"Cambodia",1,0.693147180559945
"KHM",2022,"Cambodia",3,1.38629436111989
"KIR",2022,"Kiribati",2,1.09861228866811
"KOR",2014,"Korea, Rep.",2,1.09861228866811
"KOR",2015,"Korea, Rep.",8,2.19722457733622
"KOR",2016,"Korea, Rep.",7,2.07944154167984
"KOR",2017,"Korea, Rep.",197,5.28826703069454
"KOR",2018,"Korea, Rep.",162,5.09375020080676
"KOR",2019,"Korea, Rep.",150,5.01727983681492
"KOR",2020,"Korea, Rep.",146,4.99043258677874
"KOR",2021,"Korea, Rep.",192,5.26269018890489
"KOR",2022,"Korea, Rep.",174,5.16478597392351
"KWT",2014,"Kuwait",1,0.693147180559945
"KWT",2016,"Kuwait",1,0.693147180559945
"KWT",2017,"Kuwait",4,1.6094379124341
"KWT",2018,"Kuwait",3,1.38629436111989
"KWT",2019,"Kuwait",10,2.39789527279837
"KWT",2020,"Kuwait",7,2.07944154167984
"KWT",2021,"Kuwait",4,1.6094379124341
"KWT",2022,"Kuwait",5,1.79175946922805
"LAO",2015,"Lao PDR",2,1.09861228866811
"LAO",2018,"Lao PDR",1,0.693147180559945
"LAO",2019,"Lao PDR",1,0.693147180559945
"LAO",2020,"Lao PDR",1,0.693147180559945
"LAO",2021,"Lao PDR",1,0.693147180559945
"LBN",2014,"Lebanon",1,0.693147180559945
"LBN",2015,"Lebanon",1,0.693147180559945
"LBN",2017,"Lebanon",1,0.693147180559945
"LBN",2018,"Lebanon",12,2.56494935746154
"LBN",2020,"Lebanon",3,1.38629436111989
"LBN",2021,"Lebanon",1,0.693147180559945
"LBN",2022,"Lebanon",5,1.79175946922805
"LBR",2017,"Liberia",2,1.09861228866811
"LBR",2019,"Liberia",3,1.38629436111989
"LBR",2020,"Liberia",2,1.09861228866811
"LBR",2021,"Liberia",1,0.693147180559945
"LBR",2022,"Liberia",4,1.6094379124341
"LBY",2016,"Libya",1,0.693147180559945
"LBY",2017,"Libya",1,0.693147180559945
"LBY",2019,"Libya",1,0.693147180559945
"LBY",2021,"Libya",1,0.693147180559945
"LIE",2016,"Liechtenstein",1,0.693147180559945
"LIE",2019,"Liechtenstein",1,0.693147180559945
"LKA",2014,"Sri Lanka",1,0.693147180559945
"LKA",2015,"Sri Lanka",1,0.693147180559945
"LKA",2016,"Sri Lanka",2,1.09861228866811
"LKA",2017,"Sri Lanka",7,2.07944154167984
"LKA",2018,"Sri Lanka",3,1.38629436111989
"LKA",2019,"Sri Lanka",5,1.79175946922805
"LKA",2020,"Sri Lanka",5,1.79175946922805
"LKA",2021,"Sri Lanka",6,1.94591014905531
"LKA",2022,"Sri Lanka",1,0.693147180559945
"LTU",2014,"Lithuania",1,0.693147180559945
"LTU",2015,"Lithuania",2,1.09861228866811
"LTU",2016,"Lithuania",1,0.693147180559945
"LTU",2017,"Lithuania",12,2.56494935746154
"LTU",2018,"Lithuania",3,1.38629436111989
"LTU",2019,"Lithuania",9,2.30258509299405
"LTU",2020,"Lithuania",10,2.39789527279837
"LTU",2021,"Lithuania",9,2.30258509299405
"LTU",2022,"Lithuania",10,2.39789527279837
"LUX",2016,"Luxembourg",2,1.09861228866811
"LUX",2017,"Luxembourg",4,1.6094379124341
"LUX",2018,"Luxembourg",4,1.6094379124341
"LUX",2019,"Luxembourg",1,0.693147180559945
"LUX",2020,"Luxembourg",8,2.19722457733622
"LUX",2021,"Luxembourg",5,1.79175946922805
"LUX",2022,"Luxembourg",5,1.79175946922805
"LVA",2017,"Latvia",7,2.07944154167984
"LVA",2018,"Latvia",11,2.484906649788
"LVA",2019,"Latvia",5,1.79175946922805
"LVA",2020,"Latvia",3,1.38629436111989
"LVA",2021,"Latvia",6,1.94591014905531
"LVA",2022,"Latvia",11,2.484906649788
"MAF",2021,"St. Martin (French part)",1,0.693147180559945
"MAF",2022,"St. Martin (French part)",4,1.6094379124341
"MAR",2015,"Morocco",4,1.6094379124341
"MAR",2017,"Morocco",5,1.79175946922805
"MAR",2018,"Morocco",2,1.09861228866811
"MAR",2019,"Morocco",3,1.38629436111989
"MAR",2020,"Morocco",5,1.79175946922805
"MAR",2021,"Morocco",2,1.09861228866811
"MAR",2022,"Morocco",1,0.693147180559945
"MCO",2016,"Monaco",1,0.693147180559945
"MCO",2017,"Monaco",2,1.09861228866811
"MCO",2020,"Monaco",1,0.693147180559945
"MDA",2017,"Moldova",1,0.693147180559945
"MDA",2018,"Moldova",1,0.693147180559945
"MDA",2019,"Moldova",2,1.09861228866811
"MDA",2020,"Moldova",2,1.09861228866811
"MDA",2021,"Moldova",3,1.38629436111989
"MDA",2022,"Moldova",1,0.693147180559945
"MDG",2017,"Madagascar",1,0.693147180559945
"MDV",2016,"Maldives",1,0.693147180559945
"MDV",2018,"Maldives",2,1.09861228866811
"MDV",2019,"Maldives",1,0.693147180559945
"MDV",2022,"Maldives",1,0.693147180559945
"MEX",2014,"Mexico",1,0.693147180559945
"MEX",2015,"Mexico",7,2.07944154167984
"MEX",2016,"Mexico",19,2.99573227355399
"MEX",2017,"Mexico",69,4.24849524204936
"MEX",2018,"Mexico",99,4.60517018598809
"MEX",2019,"Mexico",54,4.00733318523247
"MEX",2020,"Mexico",87,4.47733681447821
"MEX",2021,"Mexico",83,4.43081679884331
"MEX",2022,"Mexico",127,4.85203026391962
"MKD",2017,"North Macedonia",1,0.693147180559945
"MKD",2018,"North Macedonia",1,0.693147180559945
"MKD",2019,"North Macedonia",5,1.79175946922805
"MKD",2020,"North Macedonia",4,1.6094379124341
"MKD",2021,"North Macedonia",1,0.693147180559945
"MKD",2022,"North Macedonia",5,1.79175946922805
"MLI",2016,"Mali",1,0.693147180559945
"MLI",2020,"Mali",1,0.693147180559945
"MLI",2022,"Mali",1,0.693147180559945
"MLT",2015,"Malta",1,0.693147180559945
"MLT",2017,"Malta",1,0.693147180559945
"MLT",2018,"Malta",7,2.07944154167984
"MLT",2019,"Malta",13,2.63905732961526
"MLT",2020,"Malta",5,1.79175946922805
"MLT",2021,"Malta",6,1.94591014905531
"MLT",2022,"Malta",2,1.09861228866811
"MMR",2014,"Myanmar",2,1.09861228866811
"MMR",2015,"Myanmar",1,0.693147180559945
"MMR",2016,"Myanmar",1,0.693147180559945
"MMR",2017,"Myanmar",1,0.693147180559945
"MMR",2018,"Myanmar",1,0.693147180559945
"MMR",2019,"Myanmar",1,0.693147180559945
"MMR",2020,"Myanmar",2,1.09861228866811
"MMR",2021,"Myanmar",4,1.6094379124341
"MMR",2022,"Myanmar",2,1.09861228866811
"MNE",2016,"Montenegro",1,0.693147180559945
"MNE",2017,"Montenegro",4,1.6094379124341
"MNE",2018,"Montenegro",1,0.693147180559945
"MNE",2022,"Montenegro",4,1.6094379124341
"MNG",2017,"Mongolia",2,1.09861228866811
"MNG",2018,"Mongolia",1,0.693147180559945
"MNG",2019,"Mongolia",3,1.38629436111989
"MNG",2020,"Mongolia",2,1.09861228866811
"MNG",2021,"Mongolia",2,1.09861228866811
"MSR",2017,"Montserrat",1,0.693147180559945
"MUS",2017,"Mauritius",2,1.09861228866811
"MUS",2018,"Mauritius",2,1.09861228866811
"MUS",2019,"Mauritius",4,1.6094379124341
"MUS",2020,"Mauritius",4,1.6094379124341
"MUS",2022,"Mauritius",4,1.6094379124341
"MWI",2016,"Malawi",1,0.693147180559945
"MWI",2019,"Malawi",2,1.09861228866811
"MWI",2021,"Malawi",1,0.693147180559945
"MWI",2022,"Malawi",2,1.09861228866811
"MYS",2014,"Malaysia",7,2.07944154167984
"MYS",2015,"Malaysia",8,2.19722457733622
"MYS",2017,"Malaysia",22,3.13549421592915
"MYS",2018,"Malaysia",22,3.13549421592915
"MYS",2019,"Malaysia",24,3.2188758248682
"MYS",2020,"Malaysia",9,2.30258509299405
"MYS",2021,"Malaysia",15,2.77258872223978
"MYS",2022,"Malaysia",23,3.17805383034795
"NAM",2015,"Namibia",1,0.693147180559945
"NGA",2014,"Nigeria",3,1.38629436111989
"NGA",2015,"Nigeria",3,1.38629436111989
"NGA",2016,"Nigeria",5,1.79175946922805
"NGA",2017,"Nigeria",18,2.94443897916644
"NGA",2018,"Nigeria",20,3.04452243772342
"NGA",2019,"Nigeria",19,2.99573227355399
"NGA",2020,"Nigeria",13,2.63905732961526
"NGA",2021,"Nigeria",9,2.30258509299405
"NGA",2022,"Nigeria",28,3.36729582998647
"NIC",2017,"Nicaragua",3,1.38629436111989
"NIC",2018,"Nicaragua",4,1.6094379124341
"NIC",2019,"Nicaragua",1,0.693147180559945
"NIC",2020,"Nicaragua",3,1.38629436111989
"NIC",2021,"Nicaragua",2,1.09861228866811
"NIC",2022,"Nicaragua",1,0.693147180559945
"NIU",2017,"Niue",3,1.38629436111989
"NIU",2021,"Niue",1,0.693147180559945
"NLD",2015,"Netherlands",5,1.79175946922805
"NLD",2016,"Netherlands",8,2.19722457733622
"NLD",2017,"Netherlands",34,3.55534806148941
"NLD",2018,"Netherlands",56,4.04305126783455
"NLD",2019,"Netherlands",22,3.13549421592915
"NLD",2020,"Netherlands",37,3.63758615972639
"NLD",2021,"Netherlands",28,3.36729582998647
"NLD",2022,"Netherlands",33,3.52636052461616
"NOR",2014,"Norway",7,2.07944154167984
"NOR",2015,"Norway",2,1.09861228866811
"NOR",2017,"Norway",11,2.484906649788
"NOR",2018,"Norway",18,2.94443897916644
"NOR",2019,"Norway",22,3.13549421592915
"NOR",2020,"Norway",31,3.46573590279973
"NOR",2021,"Norway",20,3.04452243772342
"NOR",2022,"Norway",20,3.04452243772342
"NPL",2014,"Nepal",3,1.38629436111989
"NPL",2015,"Nepal",2,1.09861228866811
"NPL",2016,"Nepal",2,1.09861228866811
"NPL",2017,"Nepal",4,1.6094379124341
"NPL",2018,"Nepal",2,1.09861228866811
"NPL",2019,"Nepal",5,1.79175946922805
"NPL",2020,"Nepal",4,1.6094379124341
"NPL",2021,"Nepal",1,0.693147180559945
"NRU",2022,"Nauru",1,0.693147180559945
"NZL",2014,"New Zealand",3,1.38629436111989
"NZL",2015,"New Zealand",4,1.6094379124341
"NZL",2016,"New Zealand",2,1.09861228866811
"NZL",2017,"New Zealand",25,3.25809653802148
"NZL",2018,"New Zealand",23,3.17805383034795
"NZL",2019,"New Zealand",45,3.8286413964891
"NZL",2020,"New Zealand",29,3.40119738166216
"NZL",2021,"New Zealand",31,3.46573590279973
"NZL",2022,"New Zealand",17,2.89037175789616
"OMN",2015,"Oman",1,0.693147180559945
"OMN",2017,"Oman",1,0.693147180559945
"OMN",2018,"Oman",7,2.07944154167984
"OMN",2019,"Oman",2,1.09861228866811
"OMN",2020,"Oman",3,1.38629436111989
"OMN",2021,"Oman",1,0.693147180559945
"PAK",2014,"Pakistan",29,3.40119738166216
"PAK",2015,"Pakistan",8,2.19722457733622
"PAK",2016,"Pakistan",6,1.94591014905531
"PAK",2017,"Pakistan",22,3.13549421592915
"PAK",2018,"Pakistan",32,3.49650756146648
"PAK",2019,"Pakistan",20,3.04452243772342
"PAK",2020,"Pakistan",19,2.99573227355399
"PAK",2021,"Pakistan",28,3.36729582998647
"PAK",2022,"Pakistan",29,3.40119738166216
"PAN",2016,"Panama",5,1.79175946922805
"PAN",2017,"Panama",3,1.38629436111989
"PAN",2018,"Panama",3,1.38629436111989
"PAN",2019,"Panama",6,1.94591014905531
"PAN",2020,"Panama",3,1.38629436111989
"PAN",2021,"Panama",8,2.19722457733622
"PAN",2022,"Panama",8,2.19722457733622
"PER",2017,"Peru",10,2.39789527279837
"PER",2018,"Peru",3,1.38629436111989
"PER",2019,"Peru",5,1.79175946922805
"PER",2020,"Peru",11,2.484906649788
"PER",2021,"Peru",2,1.09861228866811
"PER",2022,"Peru",10,2.39789527279837
"PHL",2014,"Philippines",6,1.94591014905531
"PHL",2015,"Philippines",7,2.07944154167984
"PHL",2016,"Philippines",16,2.83321334405622
"PHL",2017,"Philippines",44,3.80666248977032
"PHL",2018,"Philippines",35,3.58351893845611
"PHL",2019,"Philippines",35,3.58351893845611
"PHL",2020,"Philippines",31,3.46573590279973
"PHL",2021,"Philippines",46,3.85014760171006
"PHL",2022,"Philippines",59,4.0943445622221
"PLW",2014,"Palau",1,0.693147180559945
"PNG",2021,"Papua New Guinea",3,1.38629436111989
"PNG",2022,"Papua New Guinea",1,0.693147180559945
"POL",2014,"Poland",2,1.09861228866811
"POL",2015,"Poland",1,0.693147180559945
"POL",2016,"Poland",2,1.09861228866811
"POL",2017,"Poland",23,3.17805383034795
"POL",2018,"Poland",20,3.04452243772342
"POL",2019,"Poland",31,3.46573590279973
"POL",2020,"Poland",33,3.52636052461616
"POL",2021,"Poland",62,4.14313472639153
"POL",2022,"Poland",57,4.06044301054642
"PRI",2017,"Puerto Rico",2,1.09861228866811
"PRI",2018,"Puerto Rico",4,1.6094379124341
"PRI",2019,"Puerto Rico",2,1.09861228866811
"PRI",2020,"Puerto Rico",4,1.6094379124341
"PRI",2021,"Puerto Rico",3,1.38629436111989
"PRI",2022,"Puerto Rico",10,2.39789527279837
"PRK",2017,"Korea, Dem. People’s Rep.",14,2.70805020110221
"PRK",2018,"Korea, Dem. People’s Rep.",15,2.77258872223978
"PRK",2019,"Korea, Dem. People’s Rep.",20,3.04452243772342
"PRK",2020,"Korea, Dem. People’s Rep.",16,2.83321334405622
"PRK",2021,"Korea, Dem. People’s Rep.",21,3.09104245335832
"PRK",2022,"Korea, Dem. People’s Rep.",25,3.25809653802148
"PRT",2015,"Portugal",2,1.09861228866811
"PRT",2017,"Portugal",7,2.07944154167984
"PRT",2018,"Portugal",1,0.693147180559945
"PRT",2019,"Portugal",1,0.693147180559945
"PRT",2020,"Portugal",9,2.30258509299405
"PRT",2021,"Portugal",4,1.6094379124341
"PRT",2022,"Portugal",14,2.70805020110221
"PRY",2014,"Paraguay",1,0.693147180559945
"PRY",2017,"Paraguay",5,1.79175946922805
"PRY",2018,"Paraguay",1,0.693147180559945
"PRY",2019,"Paraguay",2,1.09861228866811
"PRY",2020,"Paraguay",12,2.56494935746154
"PRY",2022,"Paraguay",4,1.6094379124341
"PSE",2017,"West Bank and Gaza",2,1.09861228866811
"PSE",2018,"West Bank and Gaza",2,1.09861228866811
"PSE",2019,"West Bank and Gaza",1,0.693147180559945
"PSE",2020,"West Bank and Gaza",1,0.693147180559945
"PSE",2021,"West Bank and Gaza",2,1.09861228866811
"QAT",2016,"Qatar",1,0.693147180559945
"QAT",2017,"Qatar",19,2.99573227355399
"QAT",2018,"Qatar",16,2.83321334405622
"QAT",2019,"Qatar",5,1.79175946922805
"QAT",2020,"Qatar",6,1.94591014905531
"QAT",2021,"Qatar",5,1.79175946922805
"QAT",2022,"Qatar",7,2.07944154167984
"ROU",2014,"Romania",1,0.693147180559945
"ROU",2015,"Romania",2,1.09861228866811
"ROU",2016,"Romania",3,1.38629436111989
"ROU",2017,"Romania",9,2.30258509299405
"ROU",2018,"Romania",3,1.38629436111989
"ROU",2019,"Romania",6,1.94591014905531
"ROU",2020,"Romania",13,2.63905732961526
"ROU",2021,"Romania",11,2.484906649788
"ROU",2022,"Romania",16,2.83321334405622
"RUS",2014,"Russian Federation",4,1.6094379124341
"RUS",2015,"Russian Federation",8,2.19722457733622
"RUS",2016,"Russian Federation",32,3.49650756146648
"RUS",2017,"Russian Federation",206,5.33271879326537
"RUS",2018,"Russian Federation",219,5.39362754635236
"RUS",2019,"Russian Federation",227,5.42934562895444
"RUS",2020,"Russian Federation",234,5.45958551414416
"RUS",2021,"Russian Federation",241,5.48893772615669
"RUS",2022,"Russian Federation",329,5.79909265446053
"RWA",2016,"Rwanda",1,0.693147180559945
"RWA",2019,"Rwanda",2,1.09861228866811
"RWA",2020,"Rwanda",2,1.09861228866811
"RWA",2021,"Rwanda",1,0.693147180559945
"RWA",2022,"Rwanda",1,0.693147180559945
"SAU",2014,"Saudi Arabia",2,1.09861228866811
"SAU",2015,"Saudi Arabia",6,1.94591014905531
"SAU",2016,"Saudi Arabia",12,2.56494935746154
"SAU",2017,"Saudi Arabia",19,2.99573227355399
"SAU",2018,"Saudi Arabia",13,2.63905732961526
"SAU",2019,"Saudi Arabia",17,2.89037175789616
"SAU",2020,"Saudi Arabia",12,2.56494935746154
"SAU",2021,"Saudi Arabia",7,2.07944154167984
"SAU",2022,"Saudi Arabia",6,1.94591014905531
"SDN",2017,"Sudan",1,0.693147180559945
"SDN",2020,"Sudan",1,0.693147180559945
"SDN",2022,"Sudan",2,1.09861228866811
"SEN",2016,"Senegal",1,0.693147180559945
"SEN",2017,"Senegal",6,1.94591014905531
"SEN",2018,"Senegal",1,0.693147180559945
"SEN",2019,"Senegal",3,1.38629436111989
"SEN",2020,"Senegal",1,0.693147180559945
"SEN",2021,"Senegal",1,0.693147180559945
"SEN",2022,"Senegal",1,0.693147180559945
"SGP",2014,"Singapore",3,1.38629436111989
"SGP",2015,"Singapore",4,1.6094379124341
"SGP",2016,"Singapore",3,1.38629436111989
"SGP",2017,"Singapore",18,2.94443897916644
"SGP",2018,"Singapore",43,3.78418963391826
"SGP",2019,"Singapore",33,3.52636052461616
"SGP",2020,"Singapore",10,2.39789527279837
"SGP",2021,"Singapore",30,3.43398720448515
"SGP",2022,"Singapore",38,3.66356164612965
"SLB",2018,"Solomon Islands",1,0.693147180559945
"SLE",2017,"Sierra Leone",2,1.09861228866811
"SLE",2020,"Sierra Leone",1,0.693147180559945
"SLV",2017,"El Salvador",2,1.09861228866811
"SLV",2018,"El Salvador",2,1.09861228866811
"SLV",2019,"El Salvador",3,1.38629436111989
"SLV",2020,"El Salvador",1,0.693147180559945
"SLV",2021,"El Salvador",2,1.09861228866811
"SLV",2022,"El Salvador",3,1.38629436111989
"SMR",2017,"San Marino",1,0.693147180559945
"SOM",2017,"Somalia",2,1.09861228866811
"SOM",2018,"Somalia",1,0.693147180559945
"SOM",2021,"Somalia",1,0.693147180559945
"SOM",2022,"Somalia",1,0.693147180559945
"SRB",2017,"Serbia",4,1.6094379124341
"SRB",2018,"Serbia",9,2.30258509299405
"SRB",2019,"Serbia",7,2.07944154167984
"SRB",2020,"Serbia",15,2.77258872223978
"SRB",2021,"Serbia",9,2.30258509299405
"SRB",2022,"Serbia",23,3.17805383034795
"SUR",2018,"Suriname",1,0.693147180559945
"SUR",2020,"Suriname",1,0.693147180559945
"SVK",2014,"Slovak Republic",3,1.38629436111989
"SVK",2016,"Slovak Republic",3,1.38629436111989
"SVK",2017,"Slovak Republic",4,1.6094379124341
"SVK",2018,"Slovak Republic",6,1.94591014905531
"SVK",2019,"Slovak Republic",2,1.09861228866811
"SVK",2020,"Slovak Republic",3,1.38629436111989
"SVK",2021,"Slovak Republic",2,1.09861228866811
"SVK",2022,"Slovak Republic",6,1.94591014905531
"SVN",2014,"Slovenia",1,0.693147180559945
"SVN",2015,"Slovenia",1,0.693147180559945
"SVN",2017,"Slovenia",2,1.09861228866811
"SVN",2018,"Slovenia",5,1.79175946922805
"SVN",2019,"Slovenia",4,1.6094379124341
"SVN",2020,"Slovenia",1,0.693147180559945
"SVN",2021,"Slovenia",3,1.38629436111989
"SVN",2022,"Slovenia",9,2.30258509299405
"SWE",2014,"Sweden",2,1.09861228866811
"SWE",2015,"Sweden",5,1.79175946922805
"SWE",2016,"Sweden",14,2.70805020110221
"SWE",2017,"Sweden",52,3.97029191355212
"SWE",2018,"Sweden",37,3.63758615972639
"SWE",2019,"Sweden",33,3.52636052461616
"SWE",2020,"Sweden",29,3.40119738166216
"SWE",2021,"Sweden",42,3.76120011569356
"SWE",2022,"Sweden",39,3.68887945411394
"SXM",2019,"Sint Maarten (Dutch part)",1,0.693147180559945
"SXM",2020,"Sint Maarten (Dutch part)",1,0.693147180559945
"SXM",2022,"Sint Maarten (Dutch part)",1,0.693147180559945
"SYC",2020,"Seychelles",2,1.09861228866811
"SYR",2014,"Syrian Arab Republic",3,1.38629436111989
"SYR",2015,"Syrian Arab Republic",2,1.09861228866811
"SYR",2016,"Syrian Arab Republic",3,1.38629436111989
"SYR",2017,"Syrian Arab Republic",5,1.79175946922805
"SYR",2018,"Syrian Arab Republic",6,1.94591014905531
"SYR",2019,"Syrian Arab Republic",3,1.38629436111989
"SYR",2020,"Syrian Arab Republic",3,1.38629436111989
"SYR",2021,"Syrian Arab Republic",3,1.38629436111989
"SYR",2022,"Syrian Arab Republic",2,1.09861228866811
"TGO",2019,"Togo",1,0.693147180559945
"TGO",2020,"Togo",3,1.38629436111989
"TGO",2022,"Togo",1,0.693147180559945
"THA",2015,"Thailand",9,2.30258509299405
"THA",2016,"Thailand",12,2.56494935746154
"THA",2017,"Thailand",15,2.77258872223978
"THA",2018,"Thailand",15,2.77258872223978
"THA",2019,"Thailand",16,2.83321334405622
"THA",2020,"Thailand",10,2.39789527279837
"THA",2021,"Thailand",16,2.83321334405622
"THA",2022,"Thailand",16,2.83321334405622
"TJK",2018,"Tajikistan",1,0.693147180559945
"TJK",2019,"Tajikistan",1,0.693147180559945
"TKM",2014,"Turkmenistan",2,1.09861228866811
"TKM",2015,"Turkmenistan",1,0.693147180559945
"TKM",2017,"Turkmenistan",1,0.693147180559945
"TKM",2018,"Turkmenistan",1,0.693147180559945
"TKM",2019,"Turkmenistan",1,0.693147180559945
"TLS",2018,"Timor-Leste",1,0.693147180559945
"TLS",2020,"Timor-Leste",1,0.693147180559945
"TLS",2021,"Timor-Leste",1,0.693147180559945
"TTO",2016,"Trinidad and Tobago",1,0.693147180559945
"TTO",2018,"Trinidad and Tobago",2,1.09861228866811
"TTO",2019,"Trinidad and Tobago",2,1.09861228866811
"TTO",2020,"Trinidad and Tobago",1,0.693147180559945
"TTO",2022,"Trinidad and Tobago",3,1.38629436111989
"TUN",2016,"Tunisia",1,0.693147180559945
"TUN",2017,"Tunisia",3,1.38629436111989
"TUN",2018,"Tunisia",2,1.09861228866811
"TUN",2019,"Tunisia",3,1.38629436111989
"TUN",2020,"Tunisia",9,2.30258509299405
"TUN",2021,"Tunisia",3,1.38629436111989
"TUN",2022,"Tunisia",5,1.79175946922805
"TUR",2014,"Türkiye",12,2.56494935746154
"TUR",2015,"Türkiye",7,2.07944154167984
"TUR",2016,"Türkiye",7,2.07944154167984
"TUR",2017,"Türkiye",39,3.68887945411394
"TUR",2018,"Türkiye",29,3.40119738166216
"TUR",2019,"Türkiye",35,3.58351893845611
"TUR",2020,"Türkiye",19,2.99573227355399
"TUR",2021,"Türkiye",19,2.99573227355399
"TUR",2022,"Türkiye",19,2.99573227355399
"TUV",2017,"Tuvalu",6,1.94591014905531
"TUV",2018,"Tuvalu",2,1.09861228866811
"TWN",2014,"Taiwan, China",1,0.693147180559945
"TWN",2015,"Taiwan, China",2,1.09861228866811
"TWN",2016,"Taiwan, China",6,1.94591014905531
"TWN",2017,"Taiwan, China",14,2.70805020110221
"TWN",2018,"Taiwan, China",12,2.56494935746154
"TWN",2019,"Taiwan, China",7,2.07944154167984
"TWN",2020,"Taiwan, China",17,2.89037175789616
"TWN",2021,"Taiwan, China",13,2.63905732961526
"TWN",2022,"Taiwan, China",14,2.70805020110221
"TZA",2016,"Tanzania",1,0.693147180559945
"UGA",2016,"Uganda",2,1.09861228866811
"UGA",2017,"Uganda",6,1.94591014905531
"UGA",2018,"Uganda",15,2.77258872223978
"UGA",2019,"Uganda",9,2.30258509299405
"UGA",2020,"Uganda",4,1.6094379124341
"UGA",2021,"Uganda",1,0.693147180559945
"UGA",2022,"Uganda",3,1.38629436111989
"UKR",2014,"Ukraine",13,2.63905732961526
"UKR",2015,"Ukraine",4,1.6094379124341
"UKR",2016,"Ukraine",12,2.56494935746154
"UKR",2017,"Ukraine",122,4.81218435537242
"UKR",2018,"Ukraine",96,4.57471097850338
"UKR",2019,"Ukraine",76,4.34380542185368
"UKR",2020,"Ukraine",75,4.33073334028633
"UKR",2021,"Ukraine",77,4.35670882668959
"UKR",2022,"Ukraine",120,4.79579054559674
"URY",2017,"Uruguay",5,1.79175946922805
"URY",2018,"Uruguay",4,1.6094379124341
"URY",2019,"Uruguay",4,1.6094379124341
"URY",2020,"Uruguay",5,1.79175946922805
"URY",2021,"Uruguay",6,1.94591014905531
"URY",2022,"Uruguay",10,2.39789527279837
"USA",2014,"United States",256,5.54907608489522
"USA",2015,"United States",380,5.9427993751267
"USA",2016,"United States",460,6.13339804299665
"USA",2017,"United States",1591,7.37274636640433
"USA",2018,"United States",1488,7.30586003268401
"USA",2019,"United States",1604,7.38087903556412
"USA",2020,"United States",1367,7.2211050981825
"USA",2021,"United States",1355,7.21229446850034
"USA",2022,"United States",1441,7.27378631784489
"UZB",2015,"Uzbekistan",1,0.693147180559945
"UZB",2017,"Uzbekistan",1,0.693147180559945
"UZB",2018,"Uzbekistan",2,1.09861228866811
"UZB",2019,"Uzbekistan",1,0.693147180559945
"UZB",2020,"Uzbekistan",1,0.693147180559945
"UZB",2022,"Uzbekistan",3,1.38629436111989
"VAT",2018,"Vatican City",2,1.09861228866811
"VAT",2021,"Vatican City",1,0.693147180559945
"VEN",2014,"Venezuela, RB",1,0.693147180559945
"VEN",2015,"Venezuela, RB",3,1.38629436111989
"VEN",2016,"Venezuela, RB",1,0.693147180559945
"VEN",2017,"Venezuela, RB",25,3.25809653802148
"VEN",2018,"Venezuela, RB",12,2.56494935746154
"VEN",2019,"Venezuela, RB",13,2.63905732961526
"VEN",2020,"Venezuela, RB",6,1.94591014905531
"VEN",2021,"Venezuela, RB",6,1.94591014905531
"VEN",2022,"Venezuela, RB",10,2.39789527279837
"VIR",2017,"Virgin Islands (U.S.)",3,1.38629436111989
"VNM",2014,"Vietnam",1,0.693147180559945
"VNM",2015,"Vietnam",2,1.09861228866811
"VNM",2016,"Vietnam",1,0.693147180559945
"VNM",2017,"Vietnam",33,3.52636052461616
"VNM",2018,"Vietnam",29,3.40119738166216
"VNM",2019,"Vietnam",25,3.25809653802148
"VNM",2020,"Vietnam",22,3.13549421592915
"VNM",2021,"Vietnam",18,2.94443897916644
"VNM",2022,"Vietnam",15,2.77258872223978
"VUT",2022,"Vanuatu",1,0.693147180559945
"WSM",2017,"Samoa",2,1.09861228866811
"WSM",2018,"Samoa",3,1.38629436111989
"WSM",2020,"Samoa",1,0.693147180559945
"YEM",2018,"Yemen, Rep.",1,0.693147180559945
"YEM",2019,"Yemen, Rep.",1,0.693147180559945
"YEM",2022,"Yemen, Rep.",1,0.693147180559945
"ZAF",2015,"South Africa",2,1.09861228866811
"ZAF",2016,"South Africa",11,2.484906649788
"ZAF",2017,"South Africa",36,3.61091791264422
"ZAF",2018,"South Africa",31,3.46573590279973
"ZAF",2019,"South Africa",30,3.43398720448515
"ZAF",2020,"South Africa",34,3.55534806148941
"ZAF",2021,"South Africa",38,3.66356164612965
"ZAF",2022,"South Africa",32,3.49650756146648
"ZMB",2018,"Zambia",1,0.693147180559945
"ZMB",2019,"Zambia",1,0.693147180559945
"ZMB",2022,"Zambia",2,1.09861228866811
"ZWE",2016,"Zimbabwe",4,1.6094379124341
"ZWE",2017,"Zimbabwe",1,0.693147180559945
"ZWE",2018,"Zimbabwe",5,1.79175946922805
"ZWE",2019,"Zimbabwe",4,1.6094379124341
"ZWE",2020,"Zimbabwe",3,1.38629436111989
"ZWE",2021,"Zimbabwe",2,1.09861228866811
"ZWE",2022,"Zimbabwe",5,1.79175946922805
