"iso3c","country","region","admin_region","income_group","lending_type"
"ABW","Aruba","Latin America & Caribbean","","High income","Not classified"
"AFG","Afghanistan","Middle East, North Africa, Afghanistan & Pakistan","Middle East, North Africa, Afghanistan & Pakistan (excluding high income)","Low income","IDA"
"AGO","Angola","Sub-Saharan Africa","Sub-Saharan Africa (excluding high income)","Lower middle income","IBRD"
"ALB","Albania","Europe & Central Asia","Europe & Central Asia (excluding high income)","Upper middle income","IBRD"
"AND","Andorra","Europe & Central Asia","","High income","Not classified"
"ARE","United Arab Emirates","Middle East, North Africa, Afghanistan & Pakistan","","High income","Not classified"
"ARG","Argentina","Latin America & Caribbean","Latin America & Caribbean (excluding high income)","Upper middle income","IBRD"
"ARM","Armenia","Europe & Central Asia","Europe & Central Asia (excluding high income)","Upper middle income","IBRD"
"ASM","American Samoa","East Asia & Pacific","","High income","Not classified"
"ATG","Antigua and Barbuda","Latin America & Caribbean","","High income","IBRD"
"AUS","Australia","East Asia & Pacific","","High income","Not classified"
"AUT","Austria","Europe & Central Asia","","High income","Not classified"
"AZE","Azerbaijan","Europe & Central Asia","Europe & Central Asia (excluding high income)","Upper middle income","IBRD"
"BDI","Burundi","Sub-Saharan Africa","Sub-Saharan Africa (excluding high income)","Low income","IDA"
"BEL","Belgium","Europe & Central Asia","","High income","Not classified"
"BEN","Benin","Sub-Saharan Africa","Sub-Saharan Africa (excluding high income)","Lower middle income","IDA"
"BFA","Burkina Faso","Sub-Saharan Africa","Sub-Saharan Africa (excluding high income)","Low income","IDA"
"BGD","Bangladesh","South Asia","South Asia","Lower middle income","IDA"
"BGR","Bulgaria","Europe & Central Asia","","High income","IBRD"
"BHR","Bahrain","Middle East, North Africa, Afghanistan & Pakistan","","High income","Not classified"
"BHS","Bahamas, The","Latin America & Caribbean","","High income","Not classified"
"BIH","Bosnia and Herzegovina","Europe & Central Asia","Europe & Central Asia (excluding high income)","Upper middle income","IBRD"
"BLR","Belarus","Europe & Central Asia","Europe & Central Asia (excluding high income)","Upper middle income","IBRD"
"BLZ","Belize","Latin America & Caribbean","Latin America & Caribbean (excluding high income)","Upper middle income","Blend"
"BMU","Bermuda","North America","","High income","Not classified"
"BOL","Bolivia","Latin America & Caribbean","Latin America & Caribbean (excluding high income)","Lower middle income","IBRD"
"BRA","Brazil","Latin America & Caribbean","Latin America & Caribbean (excluding high income)","Upper middle income","IBRD"
"BRB","Barbados","Latin America & Caribbean","","High income","IBRD"
"BRN","Brunei Darussalam","East Asia & Pacific","","High income","Not classified"
"BTN","Bhutan","South Asia","South Asia","Lower middle income","IDA"
"BWA","Botswana","Sub-Saharan Africa","Sub-Saharan Africa (excluding high income)","Upper middle income","IBRD"
"CAF","Central African Republic","Sub-Saharan Africa","Sub-Saharan Africa (excluding high income)","Low income","IDA"
"CAN","Canada","North America","","High income","Not classified"
"CHE","Switzerland","Europe & Central Asia","","High income","Not classified"
"CHI","Channel Islands","Europe & Central Asia","","High income","Not classified"
"CHL","Chile","Latin America & Caribbean","","High income","IBRD"
"CHN","China","East Asia & Pacific","East Asia & Pacific (excluding high income)","Upper middle income","IBRD"
"CIV","Cote d'Ivoire","Sub-Saharan Africa","Sub-Saharan Africa (excluding high income)","Lower middle income","Blend"
"CMR","Cameroon","Sub-Saharan Africa","Sub-Saharan Africa (excluding high income)","Lower middle income","Blend"
"COD","Congo, Dem. Rep.","Sub-Saharan Africa","Sub-Saharan Africa (excluding high income)","Low income","IDA"
"COG","Congo, Rep.","Sub-Saharan Africa","Sub-Saharan Africa (excluding high income)","Lower middle income","Blend"
"COL","Colombia","Latin America & Caribbean","Latin America & Caribbean (excluding high income)","Upper middle income","IBRD"
"COM","Comoros","Sub-Saharan Africa","Sub-Saharan Africa (excluding high income)","Lower middle income","IDA"
"CPV","Cabo Verde","Sub-Saharan Africa","Sub-Saharan Africa (excluding high income)","Upper middle income","Blend"
"CRI","Costa Rica","Latin America & Caribbean","","High income","IBRD"
"CUB","Cuba","Latin America & Caribbean","Latin America & Caribbean (excluding high income)","Upper middle income","Not classified"
"CUW","Curacao","Latin America & Caribbean","","High income","Not classified"
"CYM","Cayman Islands","Latin America & Caribbean","","High income","Not classified"
"CYP","Cyprus","Europe & Central Asia","","High income","Not classified"
"CZE","Czechia","Europe & Central Asia","","High income","Not classified"
"DEU","Germany","Europe & Central Asia","","High income","Not classified"
"DJI","Djibouti","Middle East, North Africa, Afghanistan & Pakistan","Middle East, North Africa, Afghanistan & Pakistan (excluding high income)","Lower middle income","IDA"
"DMA","Dominica","Latin America & Caribbean","Latin America & Caribbean (excluding high income)","Upper middle income","Blend"
"DNK","Denmark","Europe & Central Asia","","High income","Not classified"
"DOM","Dominican Republic","Latin America & Caribbean","Latin America & Caribbean (excluding high income)","Upper middle income","IBRD"
"DZA","Algeria","Middle East, North Africa, Afghanistan & Pakistan","Middle East, North Africa, Afghanistan & Pakistan (excluding high income)","Upper middle income","IBRD"
"ECU","Ecuador","Latin America & Caribbean","Latin America & Caribbean (excluding high income)","Upper middle income","IBRD"
"EGY","Egypt, Arab Rep.","Middle East, North Africa, Afghanistan & Pakistan","Middle East, North Africa, Afghanistan & Pakistan (excluding high income)","Lower middle income","IBRD"
"ERI","Eritrea","Sub-Saharan Africa","Sub-Saharan Africa (excluding high income)","Low income","IDA"
"ESP","Spain","Europe & Central Asia","","High income","Not classified"
"EST","Estonia","Europe & Central Asia","","High income","Not classified"
"FIN","Finland","Europe & Central Asia","","High income","Not classified"
"FJI","Fiji","East Asia & Pacific","East Asia & Pacific (excluding high income)","Upper middle income","Blend"
"FRA","France","Europe & Central Asia","","High income","Not classified"
"FRO","Faroe Islands","Europe & Central Asia","","High income","Not classified"
"FSM","Micronesia, Fed. Sts.","East Asia & Pacific","East Asia & Pacific (excluding high income)","Lower middle income","IDA"
"GAB","Gabon","Sub-Saharan Africa","Sub-Saharan Africa (excluding high income)","Upper middle income","IBRD"
"GBR","United Kingdom","Europe & Central Asia","","High income","Not classified"
"GEO","Georgia","Europe & Central Asia","Europe & Central Asia (excluding high income)","Upper middle income","IBRD"
"GHA","Ghana","Sub-Saharan Africa","Sub-Saharan Africa (excluding high income)","Lower middle income","IDA"
"GIB","Gibraltar","Europe & Central Asia","","High income","Not classified"
"GIN","Guinea","Sub-Saharan Africa","Sub-Saharan Africa (excluding high income)","Lower middle income","IDA"
"GMB","Gambia, The","Sub-Saharan Africa","Sub-Saharan Africa (excluding high income)","Low income","IDA"
"GNB","Guinea-Bissau","Sub-Saharan Africa","Sub-Saharan Africa (excluding high income)","Low income","IDA"
"GNQ","Equatorial Guinea","Sub-Saharan Africa","Sub-Saharan Africa (excluding high income)","Upper middle income","IBRD"
"GRC","Greece","Europe & Central Asia","","High income","Not classified"
"GRD","Grenada","Latin America & Caribbean","Latin America & Caribbean (excluding high income)","Upper middle income","Blend"
"GRL","Greenland","Europe & Central Asia","","High income","Not classified"
"GTM","Guatemala","Latin America & Caribbean","Latin America & Caribbean (excluding high income)","Upper middle income","IBRD"
"GUM","Guam","East Asia & Pacific","","High income","Not classified"
"GUY","Guyana","Latin America & Caribbean","","High income","IDA"
"HKG","Hong Kong SAR, China","East Asia & Pacific","","High income","Not classified"
"HND","Honduras","Latin America & Caribbean","Latin America & Caribbean (excluding high income)","Lower middle income","IDA"
"HRV","Croatia","Europe & Central Asia","","High income","IBRD"
"HTI","Haiti","Latin America & Caribbean","Latin America & Caribbean (excluding high income)","Lower middle income","IDA"
"HUN","Hungary","Europe & Central Asia","","High income","Not classified"
"IDN","Indonesia","East Asia & Pacific","East Asia & Pacific (excluding high income)","Upper middle income","IBRD"
"IMN","Isle of Man","Europe & Central Asia","","High income","Not classified"
"IND","India","South Asia","South Asia","Lower middle income","IBRD"
"IRL","Ireland","Europe & Central Asia","","High income","Not classified"
"IRN","Iran, Islamic Rep.","Middle East, North Africa, Afghanistan & Pakistan","Middle East, North Africa, Afghanistan & Pakistan (excluding high income)","Upper middle income","IBRD"
"IRQ","Iraq","Middle East, North Africa, Afghanistan & Pakistan","Middle East, North Africa, Afghanistan & Pakistan (excluding high income)","Upper middle income","IBRD"
"ISL","Iceland","Europe & Central Asia","","High income","Not classified"
"ISR","Israel","Middle East, North Africa, Afghanistan & Pakistan","","High income","Not classified"
"ITA","Italy","Europe & Central Asia","","High income","Not classified"
"JAM","Jamaica","Latin America & Caribbean","Latin America & Caribbean (excluding high income)","Upper middle income","IBRD"
"JOR","Jordan","Middle East, North Africa, Afghanistan & Pakistan","Middle East, North Africa, Afghanistan & Pakistan (excluding high income)","Lower middle income","IBRD"
"JPN","Japan","East Asia & Pacific","","High income","Not classified"
"KAZ","Kazakhstan","Europe & Central Asia","Europe & Central Asia (excluding high income)","Upper middle income","IBRD"
"KEN","Kenya","Sub-Saharan Africa","Sub-Saharan Africa (excluding high income)","Lower middle income","Blend"
"KGZ","Kyrgyz Republic","Europe & Central Asia","Europe & Central Asia (excluding high income)","Lower middle income","IDA"
"KHM","Cambodia","East Asia & Pacific","East Asia & Pacific (excluding high income)","Lower middle income","IDA"
"KIR","Kiribati","East Asia & Pacific","East Asia & Pacific (excluding high income)","Lower middle income","IDA"
"KNA","St. Kitts and Nevis","Latin America & Caribbean","","High income","IBRD"
"KOR","Korea, Rep.","East Asia & Pacific","","High income","Not classified"
"KWT","Kuwait","Middle East, North Africa, Afghanistan & Pakistan","","High income","Not classified"
"LAO","Lao PDR","East Asia & Pacific","East Asia & Pacific (excluding high income)","Lower middle income","IDA"
"LBN","Lebanon","Middle East, North Africa, Afghanistan & Pakistan","Middle East, North Africa, Afghanistan & Pakistan (excluding high income)","Lower middle income","IBRD"
"LBR","Liberia","Sub-Saharan Africa","Sub-Saharan Africa (excluding high income)","Low income","IDA"
"LBY","Libya","Middle East, North Africa, Afghanistan & Pakistan","Middle East, North Africa, Afghanistan & Pakistan (excluding high income)","Upper middle income","IBRD"
"LCA","St. Lucia","Latin America & Caribbean","Latin America & Caribbean (excluding high income)","Upper middle income","Blend"
"LIE","Liechtenstein","Europe & Central Asia","","High income","Not classified"
"LKA","Sri Lanka","South Asia","South Asia","Lower middle income","IDA"
"LSO","Lesotho","Sub-Saharan Africa","Sub-Saharan Africa (excluding high income)","Lower middle income","IDA"
"LTU","Lithuania","Europe & Central Asia","","High income","Not classified"
"LUX","Luxembourg","Europe & Central Asia","","High income","Not classified"
"LVA","Latvia","Europe & Central Asia","","High income","Not classified"
"MAC","Macao SAR, China","East Asia & Pacific","","High income","Not classified"
"MAF","St. Martin (French part)","Latin America & Caribbean","","High income","Not classified"
"MAR","Morocco","Middle East, North Africa, Afghanistan & Pakistan","Middle East, North Africa, Afghanistan & Pakistan (excluding high income)","Lower middle income","IBRD"
"MCO","Monaco","Europe & Central Asia","","High income","Not classified"
"MDA","Moldova","Europe & Central Asia","Europe & Central Asia (excluding high income)","Upper middle income","IBRD"
"MDG","Madagascar","Sub-Saharan Africa","Sub-Saharan Africa (excluding high income)","Low income","IDA"
"MDV","Maldives","South Asia","South Asia","Upper middle income","IDA"
"MEX","Mexico","Latin America & Caribbean","Latin America & Caribbean (excluding high income)","Upper middle income","IBRD"
"MHL","Marshall Islands","East Asia & Pacific","East Asia & Pacific (excluding high income)","Upper middle income","IDA"
"MKD","North Macedonia","Europe & Central Asia","Europe & Central Asia (excluding high income)","Upper middle income","IBRD"
"MLI","Mali","Sub-Saharan Africa","Sub-Saharan Africa (excluding high income)","Low income","IDA"
"MLT","Malta","Middle East, North Africa, Afghanistan & Pakistan","","High income","Not classified"
"MMR","Myanmar","East Asia & Pacific","East Asia & Pacific (excluding high income)","Lower middle income","IDA"
"MNE","Montenegro","Europe & Central Asia","Europe & Central Asia (excluding high income)","Upper middle income","IBRD"
"MNG","Mongolia","East Asia & Pacific","East Asia & Pacific (excluding high income)","Upper middle income","IBRD"
"MNP","Northern Mariana Islands","East Asia & Pacific","","High income","Not classified"
"MOZ","Mozambique","Sub-Saharan Africa","Sub-Saharan Africa (excluding high income)","Low income","IDA"
"MRT","Mauritania","Sub-Saharan Africa","Sub-Saharan Africa (excluding high income)","Lower middle income","IDA"
"MUS","Mauritius","Sub-Saharan Africa","Sub-Saharan Africa (excluding high income)","Upper middle income","IBRD"
"MWI","Malawi","Sub-Saharan Africa","Sub-Saharan Africa (excluding high income)","Low income","IDA"
"MYS","Malaysia","East Asia & Pacific","East Asia & Pacific (excluding high income)","Upper middle income","IBRD"
"NAM","Namibia","Sub-Saharan Africa","Sub-Saharan Africa (excluding high income)","Lower middle income","IBRD"
"NCL","New Caledonia","East Asia & Pacific","","High income","Not classified"
"NER","Niger","Sub-Saharan Africa","Sub-Saharan Africa (excluding high income)","Low income","IDA"
"NGA","Nigeria","Sub-Saharan Africa","Sub-Saharan Africa (excluding high income)","Lower middle income","Blend"
"NIC","Nicaragua","Latin America & Caribbean","Latin America & Caribbean (excluding high income)","Lower middle income","IDA"
"NLD","Netherlands","Europe & Central Asia","","High income","Not classified"
"NOR","Norway","Europe & Central Asia","","High income","Not classified"
"NPL","Nepal","South Asia","South Asia","Lower middle income","IDA"
"NRU","Nauru","East Asia & Pacific","","High income","IBRD"
"NZL","New Zealand","East Asia & Pacific","","High income","Not classified"
"OMN","Oman","Middle East, North Africa, Afghanistan & Pakistan","","High income","Not classified"
"PAK","Pakistan","Middle East, North Africa, Afghanistan & Pakistan","Middle East, North Africa, Afghanistan & Pakistan (excluding high income)","Lower middle income","Blend"
"PAN","Panama","Latin America & Caribbean","","High income","IBRD"
"PER","Peru","Latin America & Caribbean","Latin America & Caribbean (excluding high income)","Upper middle income","IBRD"
"PHL","Philippines","East Asia & Pacific","East Asia & Pacific (excluding high income)","Lower middle income","IBRD"
"PLW","Palau","East Asia & Pacific","","High income","IBRD"
"PNG","Papua New Guinea","East Asia & Pacific","East Asia & Pacific (excluding high income)","Lower middle income","Blend"
"POL","Poland","Europe & Central Asia","","High income","IBRD"
"PRI","Puerto Rico (US)","Latin America & Caribbean","","High income","Not classified"
"PRK","Korea, Dem. People's Rep.","East Asia & Pacific","East Asia & Pacific (excluding high income)","Low income","Not classified"
"PRT","Portugal","Europe & Central Asia","","High income","Not classified"
"PRY","Paraguay","Latin America & Caribbean","Latin America & Caribbean (excluding high income)","Upper middle income","IBRD"
"PSE","West Bank and Gaza","Middle East, North Africa, Afghanistan & Pakistan","Middle East, North Africa, Afghanistan & Pakistan (excluding high income)","Lower middle income","Not classified"
"PYF","French Polynesia","East Asia & Pacific","","High income","Not classified"
"QAT","Qatar","Middle East, North Africa, Afghanistan & Pakistan","","High income","Not classified"
"ROU","Romania","Europe & Central Asia","","High income","IBRD"
"RUS","Russian Federation","Europe & Central Asia","","High income","IBRD"
"RWA","Rwanda","Sub-Saharan Africa","Sub-Saharan Africa (excluding high income)","Low income","IDA"
"SAU","Saudi Arabia","Middle East, North Africa, Afghanistan & Pakistan","","High income","Not classified"
"SDN","Sudan","Sub-Saharan Africa","Sub-Saharan Africa (excluding high income)","Low income","IDA"
"SEN","Senegal","Sub-Saharan Africa","Sub-Saharan Africa (excluding high income)","Lower middle income","IDA"
"SGP","Singapore","East Asia & Pacific","","High income","Not classified"
"SLB","Solomon Islands","East Asia & Pacific","East Asia & Pacific (excluding high income)","Lower middle income","IDA"
"SLE","Sierra Leone","Sub-Saharan Africa","Sub-Saharan Africa (excluding high income)","Low income","IDA"
"SLV","El Salvador","Latin America & Caribbean","Latin America & Caribbean (excluding high income)","Upper middle income","IBRD"
"SMR","San Marino","Europe & Central Asia","","High income","Not classified"
"SOM","Somalia, Fed. Rep.","Sub-Saharan Africa","Sub-Saharan Africa (excluding high income)","Low income","IDA"
"SRB","Serbia","Europe & Central Asia","Europe & Central Asia (excluding high income)","Upper middle income","IBRD"
"SSD","South Sudan","Sub-Saharan Africa","Sub-Saharan Africa (excluding high income)","Low income","IDA"
"STP","Sao Tome and Principe","Sub-Saharan Africa","Sub-Saharan Africa (excluding high income)","Lower middle income","IDA"
"SUR","Suriname","Latin America & Caribbean","Latin America & Caribbean (excluding high income)","Upper middle income","Blend"
"SVK","Slovak Republic","Europe & Central Asia","","High income","Not classified"
"SVN","Slovenia","Europe & Central Asia","","High income","Not classified"
"SWE","Sweden","Europe & Central Asia","","High income","Not classified"
"SWZ","Eswatini","Sub-Saharan Africa","Sub-Saharan Africa (excluding high income)","Lower middle income","Blend"
"SXM","Sint Maarten (Dutch part)","Latin America & Caribbean","","High income","Not classified"
"SYC","Seychelles","Sub-Saharan Africa","","High income","IBRD"
"SYR","Syrian Arab Republic","Middle East, North Africa, Afghanistan & Pakistan","Middle East, North Africa, Afghanistan & Pakistan (excluding high income)","Low income","IDA"
"TCA","Turks and Caicos Islands","Latin America & Caribbean","","High income","Not classified"
"TCD","Chad","Sub-Saharan Africa","Sub-Saharan Africa (excluding high income)","Low income","IDA"
"TGO","Togo","Sub-Saharan Africa","Sub-Saharan Africa (excluding high income)","Low income","IDA"
"THA","Thailand","East Asia & Pacific","East Asia & Pacific (excluding high income)","Upper middle income","IBRD"
"TJK","Tajikistan","Europe & Central Asia","Europe & Central Asia (excluding high income)","Lower middle income","IDA"
"TKM","Turkmenistan","Europe & Central Asia","Europe & Central Asia (excluding high income)","Upper middle income","IBRD"
"TLS","Timor-Leste","East Asia & Pacific","East Asia & Pacific (excluding high income)","Lower middle income","Blend"
"TON","Tonga","East Asia & Pacific","East Asia & Pacific (excluding high income)","Upper middle income","IDA"
"TTO","Trinidad and Tobago","Latin America & Caribbean","","High income","IBRD"
"TUN","Tunisia","Middle East, North Africa, Afghanistan & Pakistan","Middle East, North Africa, Afghanistan & Pakistan (excluding high income)","Lower middle income","IBRD"
"TUR","Turkiye","Europe & Central Asia","Europe & Central Asia (excluding high income)","Upper middle income","IBRD"
"TUV","Tuvalu","East Asia & Pacific","East Asia & Pacific (excluding high income)","Upper middle income","IDA"
"TZA","Tanzania","Sub-Saharan Africa","Sub-Saharan Africa (excluding high income)","Lower middle income","IDA"
"UGA","Uganda","Sub-Saharan Africa","Sub-Saharan Africa (excluding high income)","Low income","IDA"
"UKR","Ukraine","Europe & Central Asia","Europe & Central Asia (excluding high income)","Upper middle income","IBRD"
"URY","Uruguay","Latin America & Caribbean","","High income","IBRD"
"USA","United States","North America","","High income","Not classified"
"UZB","Uzbekistan","Europe & Central Asia","Europe & Central Asia (excluding high income)","Lower middle income","Blend"
"VCT","St. Vincent and the Grenadines","Latin America & Caribbean","Latin America & Caribbean (excluding high income)","Upper middle income","Blend"
"VGB","British Virgin Islands","Latin America & Caribbean","","High income","Not classified"
"VIR","Virgin Islands (U.S.)","Latin America & Caribbean","","High income","Not classified"
"VNM","Viet Nam","East Asia & Pacific","East Asia & Pacific (excluding high income)","Lower middle income","IBRD"
"VUT","Vanuatu","East Asia & Pacific","East Asia & Pacific (excluding high income)","Lower middle income","IDA"
"WSM","Samoa","East Asia & Pacific","East Asia & Pacific (excluding high income)","Upper middle income","IDA"
"XKX","Kosovo","Europe & Central Asia","Europe & Central Asia (excluding high income)","Upper middle income","IDA"
"YEM","Yemen, Rep.","Middle East, North Africa, Afghanistan & Pakistan","Middle East, North Africa, Afghanistan & Pakistan (excluding high income)","Low income","IDA"
"ZAF","South Africa","Sub-Saharan Africa","Sub-Saharan Africa (excluding high income)","Upper middle income","IBRD"
"ZMB","Zambia","Sub-Saharan Africa","Sub-Saharan Africa (excluding high income)","Lower middle income","IDA"
"ZWE","Zimbabwe","Sub-Saharan Africa","Sub-Saharan Africa (excluding high income)","Lower middle income","Blend"
