"iso3c","year","x_resid","y_resid"
"AFG",2017,1.98544454140682,1966.06584086854
"AFG",2018,-0.54847654432949,1614.44413701345
"AFG",2019,0.184558018910116,1574.00727130253
"AFG",2020,-0.96222726661548,3138.79475583947
"AFG",2021,-0.959897510631355,-2718.20039124591
"AFG",2022,0.936471982398669,-2717.18484225531
"AFG",2023,-0.63587322113851,-2857.92677152236
"AGO",2017,2.14387362159973,5144.71327884481
"AGO",2021,-1.12424182270141,-2508.43329089243
"AGO",2022,-1.01963179889836,-2636.2799879523
"ALB",2015,0.639600705518899,1093.05275514078
"ALB",2017,0.498121352826583,-1502.1060021341
"ALB",2019,-0.455467309282493,-1915.81229518506
"ALB",2021,-0.906775658264375,237.938213931418
"ALB",2022,-0.802165634461994,573.990328269351
"ALB",2023,1.02668654366337,1512.93699997756
"ARE",2015,0.267600165033243,8838.15546843055
"ARE",2016,0.0437141402913503,8271.44062145966
"ARE",2017,-0.502487847081517,1369.13124640236
"ARE",2018,0.113474020563665,236.291087787401
"ARE",2019,0.153361403244013,-591.369396108034
"ARE",2020,0.328331957700378,-5331.26092921405
"ARE",2021,0.00215764671216003,-4540.04674242842
"ARE",2022,-0.0755538862797512,-2911.86815937647
"ARE",2023,-0.330597600183326,-5340.47319695361
"ARG",2017,-1.29763684449047,6832.76195220756
"ARG",2018,0.561518540633901,3499.87522746664
"ARG",2019,-0.0540009292629515,575.342850478372
"ARG",2020,-0.179134967256168,729.275001575418
"ARG",2021,0.00551634552116931,-3168.05825364997
"ARG",2022,0.110126369323646,-2690.07436825737
"ARG",2023,0.853611485530778,-5779.12240982092
"ARM",2015,0.851245989935876,-2641.69150542512
"ARM",2016,-0.471252323473937,-3023.29898996152
"ARM",2017,2.31920454967775,-2661.71459638267
"ARM",2018,-0.871496072447521,-552.872611244462
"ARM",2019,-0.649287132974002,3213.44593955069
"ARM",2020,-0.543309450003844,57.2619882642932
"ARM",2021,0.221160358026787,-2538.00979094736
"ARM",2022,-0.0796947262792724,3092.09319704045
"ARM",2023,-0.776571192461941,5054.78636910605
"AUS",2015,-0.529610610295422,1925.05303475777
"AUS",2016,0.0674839170326857,2661.57748534931
"AUS",2017,-0.909500986432837,198.314715654622
"AUS",2018,0.277005739679686,-171.131749424658
"AUS",2019,0.392242559601426,-839.787954153806
"AUS",2020,0.277378188245337,2436.99042219508
"AUS",2021,0.13128793911091,-2270.22035443653
"AUS",2022,0.284688127082649,-2254.48225073266
"AUS",2023,0.00902512597570333,-1686.31334920852
"AUT",2015,-0.373548927410323,425.415702375057
"AUT",2016,-0.597434952152077,807.812472827062
"AUT",2017,-0.227346207650779,-208.397453897235
"AUT",2018,-0.0421672560984185,431.602530915764
"AUT",2019,-0.00227987341831098,1051.88347410184
"AUT",2020,0.274969530158849,-4191.92284106386
"AUT",2021,0.220140872302559,-598.886648666366
"AUT",2022,0.264126274288552,2168.08253914562
"AUT",2023,0.483540539979705,114.410224261264
"AZE",2015,1.01030940171258,5000.1159850559
"AZE",2016,0.940574056797997,2245.07721046374
"AZE",2017,1.15651212147208,-714.398639803639
"AZE",2018,0.163036076682639,-1331.33070515836
"AZE",2019,-0.0847586130890449,-1202.43204810177
"AZE",2020,-0.384246038227155,-1985.16916788533
"AZE",2021,-0.248384889619146,-1309.41408081485
"AZE",2022,-1.53006922693662,-598.40426929258
"AZE",2023,-1.02297288879359,-104.044284463407
"BEL",2015,-0.106519047032067,2495.40357583866
"BEL",2016,0.139598557471834,2628.23872429999
"BEL",2017,-0.183459878587053,105.6351875307
"BEL",2018,0.0758270451190641,-1089.82277273213
"BEL",2019,-0.0384362520281643,-575.926228791332
"BEL",2020,-0.173620625874936,-4972.51648313093
"BEL",2021,0.0335035427547163,-942.706600446839
"BEL",2022,0.505838346682238,601.125012478899
"BEL",2023,-0.252731688505929,1750.56958495261
"BEN",2018,0.0311175116672445,900.464834450547
"BEN",2021,0.0251616534737174,-551.267119828384
"BEN",2023,-0.0562791651409117,-349.197714622034
"BFA",2018,1.51753609678451e-14,-2.7192470497539e-11
"BGD",2015,-0.609056389337042,705.042956016289
"BGD",2016,-0.427477305970927,1194.79865431158
"BGD",2017,-0.0573885614696311,-1104.37001106681
"BGD",2018,0.248418377871619,-859.30860750878
"BGD",2019,0.0876350650894936,-529.254854627442
"BGD",2020,0.516386140322302,1571.89530298855
"BGD",2021,0.147152339873581,-833.569799816675
"BGD",2022,0.0286188123617029,-424.727205770963
"BGD",2023,0.0657115212589418,279.493565474351
"BGR",2016,-0.901196912291529,-1442.72455786484
"BGR",2018,-0.425971923911479,-3298.90871789176
"BGR",2019,-0.568406098025169,-2810.91542342208
"BGR",2020,1.32933105417279,-1079.13349465095
"BGR",2021,0.0276045472736825,2015.46909882772
"BGR",2022,0.445872129930854,2700.52198308609
"BGR",2023,0.0927672028508166,3915.69111191585
"BHR",2016,0.670749118528457,-1261.70457923346
"BHR",2019,0.241399880747827,674.325178912213
"BHR",2020,0.326758276515028,389.646355334715
"BHR",2021,-0.651741220512986,-1085.62855814082
"BHR",2022,-0.547131196710727,934.995693055319
"BHR",2023,-0.0400348585675881,348.365910072023
"BHS",2017,0.386583587535718,1265.18761778072
"BHS",2018,-0.201427349145284,1614.14928610138
"BHS",2019,0.126142105986543,-628.301746078459
"BHS",2021,0.485763973221116,-1414.95841478971
"BHS",2022,-0.508238291644634,-806.590143641718
"BHS",2023,-0.288824025953454,-29.4865993722015
"BIH",2017,0.437393141242279,-2063.61584066437
"BIH",2018,-0.556082903546782,-1303.1315776825
"BIH",2019,-0.516195520866865,-1249.19934546564
"BIH",2020,-0.564368517724209,919.456363853697
"BIH",2021,0.354251970133639,1446.31412746525
"BIH",2022,0.795334230557133,1439.75588628609
"BIH",2023,0.0496676002048018,810.420386207698
"BLR",2018,0.234396315564014,-105.521807686814
"BLR",2019,-0.418863482315891,34.6433012629433
"BLR",2020,-0.333505086548781,1677.5048625888
"BLR",2021,0.633905565478649,336.431404957695
"BLR",2022,0.584364909453565,-2216.95275655923
"BLR",2023,-0.700298221631526,273.894995435773
"BLZ",2018,2.20032325692898e-14,-5.21183096680033e-11
"BOL",2017,0.186309746145327,3586.52704558221
"BOL",2018,0.291445990024376,2111.25116743639
"BOL",2019,0.149011815910437,675.619597149398
"BOL",2020,-0.122304732261117,378.728114417126
"BOL",2022,-0.303047024926982,-3322.31580232172
"BOL",2023,-0.201415794892038,-3429.81012226344
"BRA",2015,0.0520283248677234,2828.74088205636
"BRA",2016,-0.289640735530586,1983.24183074431
"BRA",2017,0.0804480089706824,-2.07760930774843
"BRA",2018,-0.466740933189964,-439.533072433412
"BRA",2019,-0.00814321565184339,-1363.99735370228
"BRA",2020,0.366540638310882,2194.57671763956
"BRA",2021,-0.165212091635627,-801.616424307777
"BRA",2022,0.540171792595512,-2568.11750383914
"BRA",2023,-0.109451788736832,-1831.21746684978
"BRB",2016,0.873248365738768,3725.97581552038
"BRB",2019,-0.403398732429124,255.616861861725
"BRB",2022,0.0608331586077059,-2431.18500931554
"BRB",2023,-0.530682791917354,-1550.40766806688
"BRN",2019,0.266002224720433,6499.86823937488
"BRN",2021,-0.185306124261357,-1026.70281153867
"BRN",2022,-0.0806961004591067,-5473.16542783649
"BTN",2019,0.0240864984286515,910.669723438028
"BTN",2020,-0.0240864984286714,-910.669723438108
"BWA",2020,0.0395555313154439,-19.8690277549033
"BWA",2023,-0.0395555313154871,19.8690277546201
"CAN",2015,-0.480229531300547,1284.29138803557
"CAN",2016,0.116864996027408,1329.93092639192
"CAN",2017,-0.480630285733067,-192.25014615272
"CAN",2018,-0.128085868540204,297.301927890569
"CAN",2019,0.400465566102921,-559.043931807937
"CAN",2020,0.255300303258284,1664.08019224495
"CAN",2021,0.354622325229314,-184.326428761884
"CAN",2022,0.036817682609627,-830.103153837416
"CAN",2023,-0.0751251876535577,-2809.88077400359
"CHE",2016,-0.331235740760327,-2021.93669486941
"CHE",2017,-0.317821940197901,-3715.88382833917
"CHE",2018,-0.618150804427016,-1394.14280961291
"CHE",2019,0.183876630299811,-1250.37376387561
"CHE",2020,0.101802081766846,-2380.96838185158
"CHE",2021,0.138033389426209,2189.82388640746
"CHE",2022,0.691593633276471,5306.07479409131
"CHE",2023,0.151902750615898,3267.4067980498
"CHL",2016,-0.428781728754495,740.554182877282
"CHL",2017,-1.15730527292137,-2466.34896309991
"CHL",2018,0.151803775283574,-1962.29599518584
"CHL",2019,0.414834709277763,-3304.4038308882
"CHL",2020,0.443622753556564,2909.30853899957
"CHL",2021,0.241158096894268,3834.4325322225
"CHL",2022,-0.260367682873796,784.722088563606
"CHL",2023,0.595035349537475,-535.96855348901
"CHN",2015,-0.482838380008428,-4756.83541401415
"CHN",2016,-0.176096153688151,-3267.32425108097
"CHN",2017,-0.387928954636641,-3645.09179191166
"CHN",2018,0.238504212875657,-1996.12147949759
"CHN",2019,0.267920295688336,-402.451177613654
"CHN",2020,0.120217703483978,2942.44966764733
"CHN",2021,0.18998874026322,1903.99463430346
"CHN",2022,0.154836821690317,3729.03262459256
"CHN",2023,0.0753957143316871,5492.34718757465
"CIV",2023,8.66667848598013e-15,8.02984345682489e-11
"CMR",2018,0.0949547994498011,186.295827563482
"CMR",2019,0.134842182129776,-166.313975210092
"CMR",2020,-0.318795922835715,1411.65085779689
"CMR",2021,0.0889989412561661,-1431.63271014997
"COD",2023,1.7277845820729e-15,-9.65627577897976e-12
"COL",2016,-0.51715000105979,1428.35282521945
"COL",2018,0.181218538634667,-1064.11728143007
"COL",2019,-0.0890490069891995,-482.993614988344
"COL",2020,0.409321702521546,556.167470395951
"COL",2021,-0.74102805143313,-578.867222574717
"COL",2022,-0.0302822240605561,691.58827258238
"COL",2023,0.786969042386344,-550.130449204237
"CRI",2016,0.107362038524483,-178.692931512229
"CRI",2017,0.477450783025719,-1580.88326450161
"CRI",2018,-0.516025261763381,-2719.46358171986
"CRI",2019,-0.476137879083404,-3355.68628883452
"CRI",2020,-1.21745805650067,1879.94500372857
"CRI",2021,0.394309611917143,659.253033684094
"CRI",2022,-0.417371096154763,190.276579294691
"CRI",2023,1.64786986003485,5105.25144986048
"CYP",2015,0.787822068674709,-1257.429654365
"CYP",2017,0.240877607874105,-1528.15934857792
"CYP",2018,-0.347133328806828,-1876.50865017245
"CYP",2019,0.540051914260348,-1309.92650459141
"CYP",2020,-0.0677368705323978,-1649.09336526833
"CYP",2021,-0.0654071145486871,488.388602072384
"CYP",2022,-0.653944271306374,3252.9735103497
"CYP",2023,-0.434530005615101,3879.75541055339
"CZE",2014,-2.07771300164694e-13,1.23223031778252e-09
"CZE",2016,-0.0565018374945024,-2587.20871922249
"CZE",2017,0.978563210599977,-1907.0564238513
"CZE",2018,-0.312164357657047,-1049.95936261481
"CZE",2019,-0.272276974977077,1645.33353791769
"CZE",2020,-0.177349128193724,-467.957479018117
"CZE",2021,-0.0208686923827591,2372.09240322461
"CZE",2022,-0.139402219894715,1994.7560435631
"DEU",2015,-1.29730752531487,308.750061157094
"DEU",2016,-0.422581261388654,765.153905178774
"DEU",2017,-0.927961254241314,495.129701312279
"DEU",2018,0.119783029829215,234.393226226443
"DEU",2019,0.552063439050013,-468.167594669131
"DEU",2020,0.402420982027825,-1382.55845741024
"DEU",2021,0.385142266623159,192.067910082885
"DEU",2022,0.602019592296496,858.401752262391
"DEU",2023,0.586420731118176,-1003.17050414073
"DNK",2015,-0.684978905279709,-1205.06663420543
"DNK",2016,-0.908864930021603,60.1480271932308
"DNK",2017,-1.23192336608031,205.468049533764
"DNK",2018,1.1245046764052,139.654513669929
"DNK",2019,0.704859729706731,-162.923285422639
"DNK",2020,0.71075395411968,-21.7335257977862
"DNK",2021,0.630845611866416,2796.39320636535
"DNK",2022,-0.0473037035809565,-836.197066071129
"DNK",2023,-0.297893067135417,-975.743285265249
"DOM",2017,-0.16433937274039,-2014.80210680082
"DOM",2018,-0.241524685655333,-1034.70062958277
"DOM",2019,-0.712462926741345,-795.351019696633
"DOM",2020,0.443336880727266,-257.504976585847
"DOM",2021,0.34030612105315,1162.06884066108
"DOM",2022,0.193601716574496,1700.80702365688
"DOM",2023,0.141082266782136,1239.48286834827
"DZA",2018,0.50596498593013,-148.874093912001
"DZA",2019,-0.552759920058,-798.385832918975
"DZA",2020,0.0922142636446167,4397.5598306827
"DZA",2021,-0.193138052823449,1847.96223166014
"DZA",2022,0.422297594744796,-3219.51276063116
"DZA",2023,-0.274578871438083,-2078.74937488057
"ECU",2015,0.270757392522128,4114.52451772975
"ECU",2016,0.452336475888402,2280.32811574792
"ECU",2017,-0.276187068278475,430.148764717735
"ECU",2018,-0.0169001445722059,50.4824789654077
"ECU",2019,-0.131163441719494,-906.626438940179
"ECU",2020,0.593853449656673,900.032733131423
"ECU",2021,-0.870153863153046,-3005.13416639315
"ECU",2022,0.0817540210364108,-2231.79860439614
"ECU",2023,-0.104296821380478,-1631.95740056215
"EGY",2015,0.657312104368081,-2795.42640474076
"EGY",2016,1.12657326018614,-1956.93743729648
"EGY",2017,-0.400457980198514,-1802.54472376628
"EGY",2018,0.280042408584059,266.881127217391
"EGY",2019,-0.373217389295905,1781.57347123592
"EGY",2021,-0.100606899050988,669.805954594636
"EGY",2022,0.0040031247512684,2737.88695380905
"EGY",2023,-1.19364862934411,1098.76105894652
"ESP",2015,-0.585797432172922,5419.8845154338
"ESP",2016,-1.3205090806808,5237.63411206849
"ESP",2017,-1.35588544428773,2815.74831122499
"ESP",2018,0.307395417637831,2405.24392792016
"ESP",2019,0.274523446035374,1418.66325094858
"ESP",2020,0.733395350104138,-6056.99520091554
"ESP",2021,0.548847732758033,-5241.0352225094
"ESP",2022,0.851634685144039,-2878.76572808589
"ESP",2023,0.546395325462024,-3120.37796608503
"EST",2018,0.279313718272338,-1279.86198473105
"EST",2019,-0.779411187715797,581.560621787773
"EST",2020,-0.604440633258912,1911.69223315636
"EST",2021,0.621664554346919,4681.72621762959
"EST",2022,0.290956506891327,-1033.9269858945
"EST",2023,0.191917041464065,-4861.19010194824
"ETH",2020,0.410954490108225,2097.65021111773
"ETH",2021,-0.279862934468004,-667.096327217324
"ETH",2022,-0.175252910665748,-780.475575655276
"ETH",2023,0.0441613550255251,-650.078308245086
"FIN",2015,-0.333300703654931,838.047181171811
"FIN",2016,-0.844868800848603,2788.64952583248
"FIN",2017,-0.880245164455533,3412.53324234699
"FIN",2018,0.141181811297639,950.420346226158
"FIN",2019,0.651072823223343,976.773743102577
"FIN",2020,-0.0902473541939219,1117.04493883447
"FIN",2021,0.447600638146151,-1303.39643713939
"FIN",2022,0.645301085014418,-3707.98474411189
"FIN",2023,0.263505665471426,-5072.087796263
"FJI",2017,0.447410939590238,2034.11225550938
"FJI",2022,-0.44741093959024,-2034.11225550942
"FRA",2015,-0.54412534390034,2434.91173920913
"FRA",2016,-0.237383117580061,2658.41733906682
"FRA",2017,-0.995759624896624,1627.25659547731
"FRA",2018,0.197836536186481,1850.67668120446
"FRA",2019,0.0715970479924829,3136.1065591239
"FRA",2020,0.0113026906028076,-4547.59430629421
"FRA",2021,0.316443400634603,-3190.40986940406
"FRA",2022,0.741961144516969,-2385.01491890056
"FRA",2023,0.438127266443687,-1584.34981948267
"GAB",2018,-0.0199436913399875,-120.402443148299
"GAB",2019,0.0199436913399866,120.402443148222
"GBR",2015,-0.611858347736503,1499.66046020381
"GBR",2016,0.127693137821465,1703.3758906435
"GBR",2017,-0.518765453291106,1436.83174435
"GBR",2018,0.282543692064386,1327.71609255917
"GBR",2019,0.383943874965399,935.739111130584
"GBR",2020,0.274258077887034,-7455.83973167362
"GBR",2021,0.255212974286018,-1350.63833464538
"GBR",2022,0.0386649964401033,1469.91996261713
"GBR",2023,-0.231692952436778,433.234804814994
"GEO",2016,0.568974981766339,-2838.00215419931
"GEO",2018,-0.0544123185215264,-1955.48034353923
"GEO",2019,-0.707672116401495,-107.086529548297
"GEO",2020,0.342767175409282,-1236.80347311961
"GEO",2021,0.499247611220257,1820.59840213441
"GEO",2022,-0.648905333472852,4316.7740982721
"GHA",2016,0.475416910920293,771.633895618339
"GHA",2017,0.152358474861581,-938.098469029466
"GHA",2018,0.54517679119238,-579.394525374491
"GHA",2019,-0.108083006687598,-160.084469761076
"GHA",2020,0.536891177015027,1699.14855301172
"GHA",2021,0.0692173037529997,-525.548339095247
"GHA",2022,-0.742463404318899,-149.65339408735
"GHA",2023,-0.92851424673579,-118.003251282369
"GIN",2018,5.05845365594837e-15,3.2748914691183e-11
"GMB",2018,9.92955717649124e-15,5.57704993298103e-11
"GRC",2017,-0.265610163815822,3403.12951157336
"GRC",2018,-0.160473919936816,2715.24724779022
"GRC",2019,0.167095535194951,1721.57091050916
"GRC",2020,0.342066089651832,-4951.45108154638
"GRC",2021,0.121252294321335,-1541.99674733014
"GRC",2022,-1.1604320429963,-883.103908390144
"GRC",2023,0.95610220758085,-463.395932605867
"GTM",2015,1.66246882424258,2629.33332149881
"GTM",2018,-0.165633753798904,-333.393248229536
"GTM",2019,-0.531211479227096,201.294161612087
"GTM",2020,-0.579384476084422,1032.69110525136
"GTM",2021,-0.577054720100707,-2596.13520652109
"GTM",2022,-0.0669795881902889,-648.176333850101
"GTM",2023,0.257795193158812,-285.6137997614
"GUY",2018,-0.145688958870266,-9793.58480028482
"GUY",2019,-0.105801576190293,-6684.4996935569
"GUY",2020,0.251490535060546,16478.0844938417
"HKG",2018,0.185466512291958,758.958813348382
"HKG",2019,0.704926975233811,-1532.64069868523
"HKG",2020,-0.441858310291626,-2314.62601953028
"HKG",2021,-0.0828536103691715,3261.32452083381
"HKG",2022,-0.201387137881122,-85.4145925026777
"HKG",2023,-0.164294428983804,-87.6020234637993
"HND",2018,0.1980928036744,-431.254772725127
"HND",2019,0.525662258806151,-232.133073806414
"HND",2020,-0.21565791861112,1370.34145091488
"HND",2021,-0.213328162627404,-863.25830201368
"HND",2023,-0.294768981242039,156.304697630301
"HRV",2018,0.540848341170528,-3495.97728051506
"HRV",2019,-0.718547260279758,-2174.26971173643
"HRV",2020,0.0805776032501134,-6551.82557720677
"HRV",2021,0.621903859966517,-434.630027181919
"HRV",2022,-1.06524558545928,4856.4330224257
"HRV",2023,0.540463041351883,7800.26957421448
"HTI",2018,1.18030585305462e-14,5.71347413824697e-11
"HUN",2017,-1.14941302979897,-4910.80304572817
"HUN",2018,0.342017575199936,-2244.68451829979
"HUN",2019,0.0370644715881789,620.898725429433
"HUN",2020,0.151410404228622,-271.417937905974
"HUN",2021,-0.0694033911018738,1405.31810971857
"HUN",2022,0.520714448482082,3348.75135456648
"HUN",2023,0.167609521402031,2051.93731221946
"IDN",2015,-1.2130486552981,901.098568224254
"IDN",2017,-2.16545822420687,-376.326178760976
"IDN",2018,0.291053276835623,-141.901667589797
"IDN",2019,0.1196315658484,-220.305491178971
"IDN",2020,0.470366276553071,1036.75961491961
"IDN",2021,0.886894820613707,-796.936600689369
"IDN",2022,0.831540194723282,-459.008759441763
"IDN",2023,0.77902074493091,56.6205145171946
"IND",2015,-0.301507706939661,412.201662193148
"IND",2016,-0.376973726563283,1274.04332601403
"IND",2017,-0.306127876914904,-146.434871017271
"IND",2018,0.0924875571002195,367.596298731501
"IND",2019,0.0666796805147933,56.1448241189187
"IND",2020,0.268448428126406,645.52664094811
"IND",2021,0.226544929133291,-1418.66443369315
"IND",2022,0.331154952935546,-1083.82030241365
"IND",2023,-0.000706237392382791,-106.593144881576
"IRL",2015,-0.966434013914903,-23841.896456477
"IRL",2016,-1.1903200386568,-28786.0522687114
"IRL",2017,-0.00930107793922889,-19050.5509668969
"IRL",2018,0.463559946065102,-11207.2100689558
"IRL",2019,0.601085798308987,-8148.46687492535
"IRL",2020,0.25744858855783,10368.8756710445
"IRL",2021,-0.0704633423290345,30983.3492022327
"IRL",2022,0.905985650776541,34303.9312409162
"IRL",2023,0.00843848913150991,15378.020521773
"IRN",2016,-0.72692653078988,4096.41241329618
"IRN",2017,0.153987837477348,1005.11261995249
"IRN",2018,-0.434023099203587,-2390.30507254475
"IRN",2019,0.265109912360648,-5181.76629980803
"IRN",2021,0.0300246718485121,-407.705183794605
"IRN",2022,0.35777824696498,1447.966340116
"IRN",2023,0.354048961342039,1430.28518278288
"IRQ",2016,0.736321897839337,4784.31586797554
"IRQ",2018,0.336078148865683,3460.72752793171
"IRQ",2019,0.152821980231448,6236.53710009993
"IRQ",2020,0.10464898337412,-840.518805446979
"IRQ",2021,-0.586168441202108,-3451.10009406614
"IRQ",2022,-0.481558417399858,-4118.12914943396
"IRQ",2023,-0.262144151708579,-6071.83244706005
"ISL",2016,0.743840253862421,-632.794775585431
"ISL",2019,-0.127341736197248,-496.56969990534
"ISL",2020,-0.175514733054575,-2904.01592930645
"ISL",2022,-0.47404006137677,328.41572702219
"ISL",2023,0.033056276766282,3704.96467777507
"ISR",2015,0.726022491248072,-4112.15771717433
"ISR",2016,0.0603037142271404,-2789.04457330083
"ISR",2017,-0.668219829939731,-3417.75797349731
"ISR",2018,-0.433030457812518,-2210.36399251915
"ISR",2019,-0.194692136408703,-732.608377178635
"ISR",2020,-0.0773506947884603,-107.281486090952
"ISR",2021,0.124107736305593,5034.27889748977
"ISR",2022,0.242511082240178,5415.72753645527
"ISR",2023,0.22034809492841,2919.20768581617
"ITA",2015,-0.679179125026067,3192.48953750647
"ITA",2016,-0.209917969208008,2705.40972785214
"ITA",2017,0.108877480905669,734.550472725654
"ITA",2018,-0.363301640250136,-574.341739639184
"ITA",2019,0.253901107464658,-848.95730065876
"ITA",2020,0.0544971408834099,-7863.65189717881
"ITA",2021,0.292140983801585,-37.4058031317439
"ITA",2022,0.239908536110872,2237.68597971777
"ITA",2023,0.303073485317971,454.221022806654
"JAM",2018,-0.375554095406984,2011.95173491824
"JAM",2019,-0.33566671272701,1040.63234041356
"JAM",2021,0.534780778273531,-963.760532337823
"JAM",2022,0.63939080207579,-830.458260699206
"JAM",2023,-0.462950772215257,-1258.36528229473
"JOR",2017,1.09106356651252,1617.76685600418
"JOR",2018,-0.307877586384738,1928.43652744855
"JOR",2019,0.137474904403401,124.984894834874
"JOR",2020,-0.31616320056209,723.816819921263
"JOR",2022,-0.209223420776122,-982.473402936816
"JOR",2023,-0.395274263193014,-3412.53169527222
"JPN",2015,-0.685581805987356,5054.95701617884
"JPN",2016,-0.398642206963247,4344.62467709203
"JPN",2017,-0.251697013776228,2360.84497483333
"JPN",2018,-0.0474698672529862,657.909490378692
"JPN",2019,0.685564695986937,-1140.45922206478
"JPN",2020,0.665300487246682,-2479.68336933559
"JPN",2021,0.293770474537567,-3216.25103717216
"JPN",2022,-0.0272873170858571,-3195.34793648536
"JPN",2023,-0.233957446705488,-2386.59459342496
"KAZ",2016,-0.343473194501846,-2182.83857144898
"KAZ",2018,0.354895345192609,-1122.6594451555
"KAZ",2019,0.251681884231914,547.595477327422
"KAZ",2020,0.203508887374587,556.375995562603
"KAZ",2021,0.0387845586951296,171.015678239839
"KAZ",2022,0.143394582497386,-51.1855557500565
"KAZ",2023,-0.648792063489825,2081.69642122432
"KEN",2015,-0.257461390893796,1595.30172711794
"KEN",2016,0.211799764924257,1347.48524642281
"KEN",2017,0.294206436973706,-588.834988892675
"KEN",2018,0.553493360679977,-330.305670794514
"KEN",2019,0.187915635251795,-116.268968454978
"KEN",2020,0.273274031018984,1295.79346542109
"KEN",2021,-0.099089662438706,-1180.86579026105
"KEN",2022,-0.195150334098603,-1141.27065856766
"KEN",2023,-0.968987841417613,-881.034361990977
"KGZ",2018,-0.605233802171679,293.744942341379
"KGZ",2019,-0.277664347039926,176.963176013403
"KGZ",2020,0.590453387976906,863.852182065587
"KGZ",2022,0.474249616448666,-1393.34631866828
"KGZ",2023,-0.181804855213965,58.7860182479056
"KHM",2016,1.86665062049808,1950.62389336844
"KHM",2018,0.667899175306648,240.549636178545
"KHM",2019,0.119999893084503,262.831534607873
"KHM",2020,-0.844463835646979,1298.60803063887
"KHM",2021,-0.842134079663267,-1183.79201581141
"KHM",2022,-0.737524055861008,-1419.02223844549
"KHM",2023,-0.230427717717952,-1149.79884053681
"KOR",2015,-1.74482025990543,-3276.14644505895
"KOR",2016,-0.870093995979212,-1635.79896742687
"KOR",2017,-1.3109354676943,-2069.57190727006
"KOR",2018,0.9044139765313,-58.7051362021776
"KOR",2019,0.749784529323496,417.066505973768
"KOR",2021,0.600623674421861,2554.42138957497
"KOR",2022,0.97749130035027,2045.01824179328
"KOR",2023,0.693536242951999,2023.71631861598
"KWT",2015,0.379647588611852,16441.5457185233
"KWT",2017,-0.167296872188753,1897.82728591677
"KWT",2018,-0.244482185103693,-398.451221939978
"KWT",2019,-0.42773835373793,-1447.42468230286
"KWT",2020,0.535689561083223,2847.26392939975
"KWT",2021,0.219565585948407,-742.596829804125
"KWT",2022,-0.145828019495076,-6070.85041525695
"KWT",2023,-0.149557305118018,-12527.3137845359
"LAO",2016,1.25893570818917,1989.56976690282
"LAO",2019,-0.423176498086832,-29.751390124678
"LAO",2020,-0.47134949494416,1047.7317619195
"LAO",2022,-0.364409715158187,-3007.55013869765
"LBN",2015,0.602462556182012,5027.14053055166
"LBN",2016,0.378576531440118,6724.28794650122
"LBN",2018,-0.93795794940769,6358.0757785877
"LBN",2019,0.973731610173879,3907.23870060204
"LBN",2021,-0.250766627041384,-7250.21643478684
"LBN",2022,-0.839303783799072,-6915.12291988123
"LBN",2023,0.0732576624521424,-7851.40360157455
"LBR",2018,-0.0780117209077783,1273.54539292375
"LBR",2020,0.201384737366648,1992.5534462709
"LBR",2021,-0.0839675791014194,-964.073014037067
"LBR",2022,-0.384822663407328,-1135.04039346926
"LBR",2023,0.345417226049936,-1166.98543168836
"LBY",2017,0.722514895734004,7788.7073478385
"LBY",2018,-0.270961149055093,10363.0452956612
"LBY",2020,-0.279246763232444,-8276.72461926769
"LBY",2022,-0.172306983446473,-9875.02802423195
"LKA",2015,0.449061769372423,500.958180004144
"LKA",2016,0.225175744630531,1241.12101158532
"LKA",2017,0.307582416679982,285.049502296417
"LKA",2018,0.294935624902618,1863.08906082559
"LKA",2019,-0.358324172977357,553.983189404624
"LKA",2020,-0.00103206172652609,1578.9295547807
"LKA",2021,0.00129769425718767,-64.5649800181674
"LKA",2022,0.260058397886704,-3422.35372038116
"LKA",2023,-1.17875541302555,-2536.21179849737
"LTU",2015,0.0419626272285109,-5902.99344821497
"LTU",2016,0.223541710594783,-5758.08940538189
"LTU",2017,-0.504981833572093,-4598.30595931357
"LTU",2018,0.373344298540407,-2423.98372192848
"LTU",2019,-0.765423315121272,578.83056333853
"LTU",2020,0.102694419895562,3543.50725294681
"LTU",2021,0.200334355683596,5380.17952765797
"LTU",2022,0.209634199681535,4877.2267820365
"LTU",2023,0.118893537068961,4303.62840885915
"LUX",2017,0.403265725773352,8978.44753631287
"LUX",2018,-0.0793846952497558,4779.41604336301
"LUX",2019,-0.0394973125697811,2532.73643690449
"LUX",2020,-1.00396104130126,1144.89327709033
"LUX",2021,0.502446111458725,2563.7670853755
"LUX",2022,0.201591027152812,-6826.871175808
"LUX",2023,0.0155401847359219,-13172.3892032381
"LVA",2018,0.0444211717184341,-1930.63057659835
"LVA",2019,0.489773662506568,-1983.39427033183
"LVA",2020,-0.251546514910711,-1546.46606421945
"LVA",2021,-0.654681867035154,2524.76263459348
"LVA",2022,0.00954394470252056,2258.77605272828
"LVA",2023,0.36248960301832,676.952223827761
"MAR",2016,1.37982084330142,1453.51777888694
"MAR",2018,0.245607919247567,345.068112115719
"MAR",2019,-0.4076518786324,-23.3492788551635
"MAR",2020,-0.168142803037947,727.017806925609
"MAR",2021,0.239652061053927,-1109.64649838155
"MAR",2022,-0.348885095703756,-903.949460877337
"MAR",2023,-0.940401046228811,-488.658459814156
"MDA",2018,-0.256830132647602,369.635493309445
"MDA",2019,-0.216942749967629,412.431841885648
"MDA",2020,0.14034936128321,-47.3830656523388
"MDA",2021,0.142679117266924,-373.77074677254
"MDA",2022,0.534971213520959,-1099.20527386074
"MDA",2023,-0.344226809455874,738.291751090454
"MDG",2018,-6.59194920871187e-16,1.79767312147305e-12
"MDV",2017,0.657689483641183,4275.39986167998
"MDV",2019,0.109565929640226,2973.65383512189
"MDV",2020,-0.344072175325266,-8565.05494789391
"MDV",2023,-0.423183237956185,1316.001251092
"MEX",2015,-1.79719208236599,4459.99741078416
"MEX",2016,-0.634783745987985,4088.65301314805
"MEX",2017,-0.041551450172547,1779.57976175605
"MEX",2018,0.217735473533729,1220.29263193372
"MEX",2019,0.614297800152432,-789.713363420945
"MEX",2020,-0.0317121974605165,303.344595268431
"MEX",2021,0.440621187768939,-3530.96347202673
"MEX",2022,0.498711195936295,-3744.56701858262
"MEX",2023,0.733873818595713,-3786.62355885984
"MKD",2018,-0.52506978471995,800.692285191418
"MKD",2019,-0.485182402039977,-232.896183116659
"MKD",2020,0.565256889770803,-413.841966063568
"MKD",2021,0.385265088960567,-142.450399281134
"MKD",2022,-0.426415619111332,-986.304190258934
"MKD",2023,0.486145827139883,974.800453528855
"MLI",2017,0.693434874860028,1568.51236761068
"MLI",2021,-0.305997028122707,-624.947394454641
"MLI",2023,-0.387437846737343,-943.564973156026
"MLT",2016,0.25332265864724,-1399.1149560807
"MLT",2018,-1.06321182220057,3058.29146361498
"MLT",2019,0.362969921599303,407.150461086403
"MLT",2020,0.874412712677397,-5400.92369162292
"MLT",2021,0.0294446082739016,1264.61450551742
"MLT",2022,0.288205311903417,-1974.30062361606
"MLT",2023,-0.745143390900674,4044.28284110081
"MMR",2015,1.27699444852735,1442.61696797229
"MMR",2016,0.647643315677298,1890.92448962236
"MMR",2017,0.324584879618587,353.868877400879
"MMR",2018,-0.66889116517051,342.662827719243
"MMR",2019,-0.629003782490536,882.29357229517
"MMR",2020,-0.677176779347861,1258.05269377275
"MMR",2021,-0.269381915255984,-2043.36741349492
"MMR",2022,0.346053732312261,-2015.08844659512
"MMR",2023,-0.350822733870618,-2111.96356869263
"MNE",2017,0.298838991186818,-569.199738783164
"MNE",2018,0.221653678271877,-27.5919163585933
"MNE",2019,-0.654749670922304,882.512166587533
"MNE",2023,0.134257001463603,-285.720511445657
"MNG",2018,-0.00130340805224302,1446.19136990068
"MNG",2019,-0.366881133480436,561.220889988301
"MNG",2020,0.278093050222184,169.870747925394
"MNG",2021,-0.00725926624588299,-810.296356195384
"MNG",2022,0.0973507575563735,-1366.98665161897
"MUS",2018,-0.294145220959733,783.205327151949
"MUS",2019,-0.25425783827976,917.84470958567
"MUS",2020,0.208394788628903,-1190.94928405144
"MUS",2021,0.210724544612617,-97.9071140333151
"MUS",2023,0.129283725997984,-412.193638652915
"MWI",2017,0.541631510881993,1363.38121355057
"MWI",2020,-0.0546650399762944,1563.26563687576
"MWI",2022,-0.353190368298487,-1381.51443119264
"MWI",2023,-0.133776102607212,-1545.13241923367
"MYS",2015,0.505659996410643,-661.787058679505
"MYS",2016,0.399557007325131,578.112954371981
"MYS",2018,0.0212921650702541,851.246341291958
"MYS",2019,0.0611795477502266,1409.04732703077
"MYS",2020,0.0963881598319501,-620.833168532438
"MYS",2021,-0.817572816058488,-2856.65155835001
"MYS",2022,-0.2429591630105,190.059775836199
"MYS",2023,-0.0235448973192213,1110.80538703107
"NAM",2016,-1.7950918529408e-14,2.93098878501041e-11
"NGA",2015,0.0661243595047657,5233.78715751431
"NGA",2016,-0.157761665237127,4051.51300315989
"NGA",2017,-0.075354993187677,1254.3685935973
"NGA",2018,0.0838484719616135,584.575306022468
"NGA",2019,0.223819313198569,-100.844994902105
"NGA",2020,0.126856152171811,253.995511950579
"NGA",2021,-0.227489035783206,-3302.96306223359
"NGA",2022,-0.459351248602156,-3776.53110159917
"NGA",2023,0.419308645973377,-4197.90041350968
"NIC",2018,0.235654913858026,1225.27903194767
"NIC",2019,0.498685847852208,-44.2446258753168
"NIC",2020,-0.465777880879276,1206.45845310727
"NIC",2021,0.229699055664384,-721.745268662903
"NIC",2022,0.0466270070148631,-928.436084782789
"NIC",2023,-0.544888943510193,-737.311505733901
"NLD",2016,-0.341835303785722,1507.19879801546
"NLD",2017,-0.259428631736262,186.381143891962
"NLD",2018,0.10521880762783,-382.038235018865
"NLD",2019,0.632809396652945,-446.648048517482
"NLD",2020,-0.322920652109783,-3743.50616278758
"NLD",2021,0.181501047671169,456.922233043507
"NLD",2022,0.0158207417335075,2872.89574251403
"NLD",2023,-0.0111654060536928,-451.205471141104
"NOR",2015,0.595920442391422,-646.050255585829
"NOR",2016,-0.608794835362201,800.471426451832
"NOR",2018,-0.539034955090119,-445.165990153481
"NOR",2019,-0.0396152430317063,-964.143079409066
"NOR",2020,0.103266996873677,-998.790775095175
"NOR",2021,0.435838439727972,969.520621376952
"NOR",2022,0.11923499845392,1551.75044884346
"NOR",2023,-0.066815843962973,-267.592396428666
"NPL",2015,1.13163426559401,914.470626933822
"NPL",2016,0.620066168400342,490.929191290094
"NPL",2017,0.297007732341632,-638.845889947989
"NPL",2018,-0.185642688681476,28.7220760871728
"NPL",2019,-0.656580929767493,196.072019149595
"NPL",2020,-0.0116067460648791,1488.55497830219
"NPL",2021,-0.191598546875115,-1382.85807244449
"NPL",2022,-1.00327925494701,-1097.04492937038
"NZL",2015,-0.184815777709812,2997.21110302289
"NZL",2016,-0.185558251137494,1961.96631702457
"NZL",2017,-1.0194423109622,-1128.36034723502
"NZL",2018,0.146565893602077,-798.082513171651
"NZL",2019,0.106410568608521,-571.538815275125
"NZL",2020,0.708825137892343,-317.380854018549
"NZL",2021,0.283710879049118,-1255.90076500191
"NZL",2022,0.452859423988943,309.50519973449
"NZL",2023,-0.308555563331515,-1197.41932507973
"OMN",2016,0.662244279755571,1074.15825890555
"OMN",2018,-0.654290201092235,-4755.49024335886
"OMN",2019,0.771891542707633,-4056.24957818855
"OMN",2020,-0.257110707161423,2667.70990119244
"OMN",2021,0.0329011212740696,2713.00548721799
"OMN",2022,-0.555636035483618,2356.8661742314
"PAK",2015,1.51134941628394,1480.05063250427
"PAK",2016,0.0834905872161062,1779.13984134624
"PAK",2017,-0.490882277123516,27.7370666754443
"PAK",2018,-0.294774255038772,458.58400188481
"PAK",2019,0.106126473178534,-116.487221326755
"PAK",2020,-0.394031647421856,1114.37582617912
"PAK",2021,-0.440492055607573,-1521.45291534655
"PAK",2022,0.0356815246271662,-1357.22045170924
"PAK",2023,-0.116467766114033,-1864.72678020735
"PAN",2017,0.882181042558017,0.851822230053337
"PAN",2018,-0.516760110339242,-1195.47921789589
"PAN",2019,-0.476872727659267,-1224.99310647346
"PAN",2020,0.0345700634188269,-5653.22112253948
"PAN",2021,-0.52271596853288,1037.09539201925
"PAN",2022,0.392824271485708,1563.29190556207
"PAN",2023,0.206773429068817,5472.45432709755
"PER",2018,0.465517487213352,255.529011482533
"PER",2019,-0.506196041785155,-464.152855614037
"PER",2020,-0.148903930534322,1781.01890359764
"PER",2021,0.546573006009344,119.523445210378
"PER",2022,-0.735111331308291,-951.118866975219
"PER",2023,0.37812081040508,-740.799637701337
"PHL",2015,-0.194761334081848,465.341436432226
"PHL",2016,-0.285115966199211,898.364001117397
"PHL",2017,0.145597400118459,236.557100988412
"PHL",2018,0.125570501043461,652.098798768969
"PHL",2019,-0.0576856675907758,789.343967301302
"PHL",2020,-0.1058586644481,1591.31266373968
"PHL",2021,-0.221311944120771,-1072.8421072578
"PHL",2022,0.267709778591819,-2095.87494929838
"PHL",2023,0.32585589668697,-1464.30091179189
"PNG",2022,0.43959901148842,-47.715528605635
"PNG",2023,-0.439599011488415,47.7155286057396
"POL",2015,-0.493851274704115,-6105.85513740167
"POL",2016,-1.12320240755417,-5579.6544780207
"POL",2017,-1.04079573550472,-5618.09104057241
"POL",2018,0.0451697613860249,-2225.95325716743
"POL",2019,-0.0484742485585332,498.905102318698
"POL",2020,0.324566219660453,1483.79789271099
"POL",2021,0.387520597460595,3437.45046001223
"POL",2022,1.10890482303822,7189.28250849253
"POL",2023,0.840162264776223,6920.11794962761
"PRI",2017,0.372410640652311,12465.6748631162
"PRI",2018,-0.110239780370796,6059.99784380531
"PRI",2019,-0.581178021456811,4683.31710850775
"PRI",2020,-0.118525394548149,-927.101611858383
"PRI",2021,-0.339339189878647,-11274.0322647112
"PRI",2022,0.776871745602091,-11007.8559388597
"PRT",2016,0.624024015522299,1631.50947761756
"PRT",2018,0.288318787686222,-728.928035673865
"PRT",2019,-1.0580881907537,229.707142404646
"PRT",2020,-1.10626118761103,-3102.71545882638
"PRT",2021,0.505506480806792,-1429.54277037862
"PRT",2022,-0.0830306759508997,1473.47762595329
"PRT",2023,0.829530770300318,1926.49201890336
"PRY",2015,0.578613831482627,2713.08789997746
"PRY",2018,0.136805614561029,338.574850102008
"PRY",2019,-0.9219192914271,-996.391891354166
"PRY",2020,-0.564627180176263,1200.24006428832
"PRY",2021,0.904039644600879,-1880.95469273656
"PRY",2023,-0.132912619041193,-1374.55623027696
"PSE",2018,0.0682198545033032,3767.11344750138
"PSE",2019,0.108107237183277,1751.18144228499
"PSE",2021,-0.343201111798501,-1916.8811327924
"PSE",2022,0.166874020111922,-3601.41375699398
"QAT",2017,-0.479282899116644,1177.32659092745
"QAT",2018,0.829826149088303,783.30530168563
"QAT",2019,0.707194602270507,-958.846603650965
"QAT",2020,-0.382432269414991,-10925.8372387321
"QAT",2021,-0.225951833604018,6417.86849176306
"QAT",2022,-0.275492489629019,626.224232972582
"QAT",2023,-0.173861259594119,2879.95922503446
"ROU",2015,-0.061694001329535,-9179.00709640961
"ROU",2016,0.119885082036736,-7268.59277971755
"ROU",2017,0.0845087184298056,-5242.67841498114
"ROU",2018,0.00732340551487073,-1516.81359472235
"ROU",2019,-0.869079943679317,1200.86644450748
"ROU",2020,-0.357637152601224,1237.95774977315
"ROU",2021,0.33783978394244,3379.73165787298
"ROU",2022,0.288299127917439,6967.06233617934
"ROU",2023,0.450554979768765,10421.4736974976
"RUS",2015,-1.68423562324235,-1153.42337855898
"RUS",2016,-1.32033498308212,-1461.91885452361
"RUS",2017,-0.344110435010568,-2329.49923132551
"RUS",2018,0.498624751999225,-939.724691640544
"RUS",2019,0.599420887766188,811.375690738074
"RUS",2021,0.619535614684373,2126.1194472691
"RUS",2022,0.753497850499162,336.513907292704
"RUS",2023,0.877601936386112,2610.5571107487
"RWA",2017,0.633191589302146,512.094049654129
"RWA",2020,0.0368950384438625,1100.64620483313
"RWA",2021,0.0392247944275742,-316.484119567918
"RWA",2022,-0.261630289878333,-434.516473435786
"RWA",2023,-0.447681132295222,-861.739661483614
"SAU",2015,-0.0956637207180781,1239.58372803799
"SAU",2016,0.527748114927229,-4292.10298271234
"SAU",2017,0.823728887274748,-498.498291259825
"SAU",2018,0.261035758578101,7342.58516741934
"SAU",2019,-0.0557518026806537,5025.62634245777
"SAU",2020,0.147389628742918,-5742.71083589135
"SAU",2021,-0.175703015707989,-1136.41371446924
"SAU",2022,-0.55660080768743,5349.29335566528
"SAU",2023,-0.876183042728851,-7287.36276924785
"SDN",2018,0.00297792909682009,1969.59296238673
"SDN",2021,-0.00297792909682063,-1969.59296238673
"SEN",2017,0.568291817224279,2222.09254938719
"SEN",2018,0.827578740930546,1240.63525702196
"SEN",2019,-0.385296844884844,30.7796003960881
"SEN",2020,0.259677338817774,1418.20912656878
"SEN",2021,-0.431140085758458,-1455.4070758371
"SEN",2022,-0.326530061956201,-1752.22323944179
"SEN",2023,-0.512580904373091,-1704.08621809511
"SGP",2015,-0.186595613970837,-17004.66469968
"SGP",2016,-0.187338087398519,-11848.3019467595
"SGP",2017,-0.73354007477144,-4964.28601936107
"SGP",2018,-0.168871501513989,91.1561649930989
"SGP",2019,0.710766535917805,-2747.7916863715
"SGP",2020,0.404764429758379,-5564.7731159426
"SGP",2021,-0.721371066075697,15174.7357112045
"SGP",2022,0.41933088941334,16772.669694495
"SGP",2023,0.462854488640949,10091.2558974219
"SLB",2019,-2.75474087985117e-15,-1.01394448392966e-11
"SLE",2018,0.205710483150901,906.181226319586
"SLE",2021,-0.205710483150904,-906.181226319604
"SLV",2018,-0.0344670726507877,768.383311282161
"SLV",2019,0.00542031002918616,206.553747232987
"SLV",2020,0.24492938562364,1267.48558944418
"SLV",2021,-0.445888038952591,-444.716880326499
"SLV",2022,0.0641870929578314,-858.507629978194
"SLV",2023,0.165818322992722,-939.198137654701
"SOM",2017,1.0260312878192,1884.52787501488
"SOM",2018,-0.37290986507806,1224.42987544564
"SOM",2021,-0.3788657232717,-1374.58390622276
"SOM",2022,-0.274255699469442,-1734.37384423775
"SRB",2018,-0.770828019532415,-1595.75640130553
"SRB",2019,-0.0377934562924933,-983.557069764306
"SRB",2020,-0.309110004464029,353.590314278084
"SRB",2021,0.386366932079623,-309.214275743694
"SRB",2022,0.0209733266361525,664.668511933928
"SRB",2023,0.710391221573162,1870.26892060151
"SUR",2019,0.0229216204368086,5205.54499706834
"SUR",2021,-0.0229216204368043,-5205.54499706834
"SVK",2015,1.06273953559495,258.863017619282
"SVK",2017,0.515795074794347,-2112.54571170734
"SVK",2018,-0.25453741868054,-670.898220287262
"SVK",2019,0.121822200620644,70.7469061774572
"SVK",2020,-0.773648656623883,1277.83200130925
"SVK",2022,-0.666708876837912,-82.790748648287
"SVK",2023,-0.00546185886760145,1258.7927555369
"SVN",2015,0.588319054690786,-3931.27224061487
"SVN",2016,0.364433029948893,-1406.2558353187
"SVN",2018,-0.546636342790749,-2225.4471063279
"SVN",2019,0.186398220449165,9.80294348523896
"SVN",2020,-0.0440963332021121,-1406.05040457879
"SVN",2021,-0.958057309092555,1823.13672764575
"SVN",2022,-0.160300104730352,2080.75899272835
"SVN",2023,0.569939784726918,5055.32692298093
"SWE",2015,-0.857775198930927,324.360329763212
"SWE",2016,-0.388514043112881,398.962957504889
"SWE",2017,0.204718252702568,-2138.9703768956
"SWE",2018,0.473483920363383,-2476.85663033741
"SWE",2019,0.180665549217625,-649.799318297957
"SWE",2020,0.021266917250068,365.190783413904
"SWE",2021,-0.101566469720219,3598.851144359
"SWE",2022,0.363046288113441,1179.36379222049
"SWE",2023,0.10467478411693,-601.102681730584
"SYR",2015,0.958904264247701,6538.35165498306
"SYR",2016,0.447336167054027,4426.98307223315
"SYR",2017,0.411959803447096,1309.96372811237
"SYR",2018,-0.176051133233841,73.7975848356453
"SYR",2019,0.0179869292733926,-1902.55642679653
"SYR",2020,-0.589801855519354,-77.8855277374516
"SYR",2021,-0.587472099535642,-4054.93016795282
"SYR",2022,-0.482862075733382,-6313.7239176774
"TGO",2020,-0.205455291304246,1847.57065731964
"TGO",2021,0.490021645239412,-1014.79171133778
"TGO",2023,-0.284566353935165,-832.778945981852
"THA",2016,0.661974433260808,1355.33936450216
"THA",2017,0.601280261669588,507.335030524464
"THA",2018,-0.18455641834127,1052.24758893373
"THA",2019,-0.144669035661297,1471.81263765515
"THA",2020,-0.132217410702185,631.035453912734
"THA",2021,-0.56520572597632,-1945.59493036954
"THA",2022,-0.0252776309162112,-1582.94433404922
"THA",2023,-0.211328473333103,-1489.23081110944
"TJK",2019,0.024086498428663,-1124.46753949699
"TJK",2020,-0.0240864984286644,1124.46753949699
"TKM",2015,1.28708124108821,-4304.75289118705
"TKM",2016,0.657730108238149,-2621.08324487279
"TKM",2018,-0.658804372609657,-921.604123287512
"TKM",2019,-0.618916989929685,1035.98603078
"TKM",2020,-0.667089986787013,6811.45422856728
"TLS",2019,-0.00430784735167551,-282.646140200805
"TLS",2021,-0.0501510882252892,2114.38235623791
"TLS",2022,0.05445893557697,-1831.73621603707
"TTO",2017,0.506315509775881,3476.00735873967
"TTO",2019,-0.0418080442250773,2335.77295409975
"TTO",2020,-0.0899810410824047,232.795821837843
"TTO",2021,-0.493116393206856,-2130.60423812153
"TTO",2023,0.118589968738457,-3913.97189655574
"TUN",2017,0.104428002676436,1210.09982081815
"TUN",2018,-0.195900861552716,487.480675692522
"TUN",2019,-0.443695551324522,118.603693883046
"TUN",2020,-0.20418647573007,1346.85599463933
"TUN",2021,0.714434012127804,-264.500118730641
"TUN",2022,-0.0972466959440975,-1456.42125146983
"TUN",2023,0.122167569747172,-1442.11881483254
"TUR",2015,0.768279095329669,-5363.18276554755
"TUR",2016,0.0588852548060764,-5098.71538620137
"TUR",2017,-0.264173181252635,-4201.13364360406
"TUR",2018,0.35178868639237,-3839.48513231457
"TUR",2019,0.103993996620562,-1760.99317000614
"TUR",2021,-0.347314352361222,6806.841096914
"TUR",2022,-0.242704328558963,5677.19142005009
"TUR",2023,-0.428755170975854,7779.4775807097
"TZA",2017,-9.78384040450919e-16,2.59348098552437e-12
"UGA",2017,0.257951883318692,1661.65843424226
"UGA",2018,0.111773698916794,960.110879600345
"UGA",2019,0.978339654781238,269.962932734568
"UGA",2020,0.460163028678181,1774.8257885561
"UGA",2021,-0.230654395898055,-1406.17380413654
"UGA",2022,-1.04233510396995,-1638.43900813272
"UGA",2023,-0.535238765826897,-1621.94522286401
"UKR",2015,0.072198458481775,-616.398905240934
"UKR",2016,-1.18130698344128,129.193987550941
"UKR",2017,-0.548853974472549,-1242.20305033366
"UKR",2018,0.704904978649236,-601.342106263281
"UKR",2019,0.507318984460169,-64.8350362173608
"UKR",2020,0.228240430953141,1662.52958105423
"UKR",2021,0.217498105369505,733.055529450056
"URY",2018,-0.0720911281531668,718.001840660676
"URY",2019,-0.214525302267145,965.586611655896
"URY",2020,-0.262698299124471,927.169626953881
"URY",2021,-0.0780469863468087,-1317.47755657289
"URY",2022,0.180713717282709,-172.740775124378
"URY",2023,0.44664799860888,-1120.53974757319
"USA",2015,-0.168519661083307,-3310.70328952952
"USA",2016,0.00131760440628156,-3437.86091684684
"USA",2017,-0.131142163782482,-4725.95641894635
"USA",2018,0.114730114836102,-3043.15682134515
"USA",2019,0.0877311637957542,-1992.96977331574
"USA",2020,0.114577169818538,5164.10936646614
"USA",2022,0.052932382540729,4826.04264607178
"USA",2023,-0.0716266105316111,6520.49520744567
"UZB",2016,0.924301813678369,200.905145420366
"UZB",2018,-0.392232667169438,-1267.29444989634
"UZB",2019,0.0531198236186996,-814.552678642725
"UZB",2020,-0.400518281346791,1400.68565444337
"UZB",2021,-0.398188525363078,-251.808642405019
"UZB",2023,0.213517836582234,732.064971080363
"VIR",2018,1.40859546249317e-15,-8.17124146124115e-13
"VNM",2015,-0.589812029601366,-967.057051845142
"VNM",2016,-0.408232946235094,-330.11119372807
"VNM",2017,-1.13675649040197,-1799.96973224596
"VNM",2018,0.702980808865148,-1355.1606360743
"VNM",2019,0.617705048591121,-416.021872410079
"VNM",2020,0.426431208093115,2266.55668308991
"VNM",2021,0.306158641984498,-188.262223318654
"VNM",2022,0.219713429024045,819.962808360251
"VNM",2023,-0.138187670319504,1970.06321817204
"VUT",2023,2.70616862252382e-16,7.74491581978509e-13
"WSM",2018,0.0279505037233504,-124.032573836814
"WSM",2019,0.355519958855103,953.367829403799
"WSM",2021,-0.383470462578455,-829.335255566981
"ZAF",2016,-0.979414624511205,2648.08293588369
"ZAF",2017,0.0838213005499745,163.508867885398
"ZAF",2018,0.216356518617098,-615.668124556333
"ZAF",2019,0.111061891452581,-1204.40051332252
"ZAF",2020,0.0311401962806739,1110.88411968907
"ZAF",2021,0.154830809268647,1675.7757214445
"ZAF",2022,0.367654417711146,-473.197579943588
"ZAF",2023,0.0145494906310839,-3304.98542708021
"ZMB",2019,-0.0766693505875302,483.741871722033
"ZMB",2020,-0.124842347444858,1205.19254057983
"ZMB",2023,0.201511698032388,-1688.93441230186
"ZWE",2017,1.02993852328453,1782.69438326304
"ZWE",2018,-0.879828253378721,1777.50149004832
"ZWE",2019,0.258671417969357,9.72499338014072
"ZWE",2020,0.0281768643180802,611.687273487824
"ZWE",2021,-0.192636931012417,-1611.25859099765
"ZWE",2022,-0.375708979661938,-1121.38185731574
"ZWE",2023,0.131387358481111,-1448.96769186595
